"time","countIn","countOut","countOuts"
0,0,0,0
0,0,0,0
0,1,1,1
3.063636142120067e-19,1,1,1
3.063636142120067e-19,1,2,2
0.01,1,2,2
0.02,1,2,2
0.03,1,2,2
0.04,1,2,2
0.05,1,2,2
0.05,1,2,2
0.06,1,2,2
0.07000000000000001,1,2,2
0.08,1,2,2
0.09,1,2,2
0.1,1,2,2
0.1,1,2,2
0.11,1,2,2
0.12,1,2,2
0.13,1,2,2
0.14,1,2,2
0.15,1,2,2
0.15,1,2,2
0.16,1,2,2
0.17,1,2,2
0.18,1,2,2
0.19,1,2,2
0.2,1,2,2
0.2,1,2,2
0.21,1,2,2
0.22,1,2,2
0.23,1,2,2
0.24,1,2,2
0.25,1,2,2
0.25,1,2,2
0.26,1,2,2
0.27,1,2,2
0.28,1,2,2
0.29,1,2,2
0.3,1,2,2
0.3,1,2,2
0.31,1,2,2
0.32,1,2,2
0.33,1,2,2
0.34,1,2,2
0.35,1,2,2
0.35,1,2,2
0.36,1,2,2
0.37,1,2,2
0.38,1,2,2
0.39,1,2,2
0.4,1,2,2
0.4,1,2,2
0.41,1,2,2
0.42,1,2,2
0.43,1,2,2
0.44,1,2,2
0.45,1,2,2
0.45,1,2,2
0.46,1,2,2
0.47,1,2,2
0.48,1,2,2
0.49,1,2,2
0.4999999999999999,1,2,2
0.4999999999999999,1,2,2
0.51,1,2,2
0.52,1,2,2
0.53,1,2,2
0.54,1,2,2
0.5499999999999999,1,2,2
0.5499999999999999,1,2,2
0.5600000000000001,1,2,2
0.57,1,2,2
0.58,1,2,2
0.59,1,2,2
0.6,1,2,2
0.6,1,2,2
0.61,1,2,2
0.62,1,2,2
0.63,1,2,2
0.64,1,2,2
0.65,1,2,2
0.65,1,2,2
0.66,1,2,2
0.67,1,2,2
0.68,1,2,2
0.6899999999999999,1,2,2
0.7000000000000001,1,2,2
0.7000000000000001,1,2,2
0.71,1,2,2
0.72,1,2,2
0.73,1,2,2
0.74,1,2,2
0.7500000000000001,1,2,2
0.7500000000000001,1,2,2
0.76,1,2,2
0.77,1,2,2
0.78,1,2,2
0.79,1,2,2
0.8000000000000002,1,2,2
0.8000000000000002,1,2,2
0.8100000000000001,1,2,2
0.82,1,2,2
0.83,1,2,2
0.84,1,2,2
0.8500000000000002,1,2,2
0.8500000000000002,1,2,2
0.86,1,2,2
0.87,1,2,2
0.8700000000000098,1,2,2
0.8700000000000098,1,3,3
0.8700000001870003,1,3,3
0.8700000001870003,1,3,3
0.88,1,3,3
0.89,1,3,3
0.9000000000000002,1,3,3
0.9000000000000002,1,3,3
0.91,1,3,3
0.92,1,3,3
0.93,1,3,3
0.9399999999999999,1,3,3
0.9500000000000003,1,3,3
0.9500000000000003,1,3,3
0.96,1,3,3
0.97,1,3,3
0.98,1,3,3
0.99,1,3,3
1,1,3,3
1,2,3,3
1.01,2,3,3
1.02,2,3,3
1.03,2,3,3
1.04,2,3,3
1.05,2,3,3
1.05,2,3,3
1.06,2,3,3
1.07,2,3,3
1.08,2,3,3
1.09,2,3,3
1.1,2,3,3
1.1,2,3,3
1.11,2,3,3
1.12,2,3,3
1.13,2,3,3
1.14,2,3,3
1.15,2,3,3
1.15,2,3,3
1.16,2,3,3
1.17,2,3,3
1.18,2,3,3
1.19,2,3,3
1.2,2,3,3
1.2,2,3,3
1.21,2,3,3
1.22,2,3,3
1.23,2,3,3
1.24,2,3,3
1.25,2,3,3
1.25,2,3,3
1.26,2,3,3
1.27,2,3,3
1.28,2,3,3
1.29,2,3,3
1.3,2,3,3
1.3,2,3,3
1.31,2,3,3
1.32,2,3,3
1.329242035549371,2,3,3
1.329242035549371,2,3,3
1.33,2,3,3
1.34,2,3,3
1.350000000000001,2,3,3
1.350000000000001,2,3,3
1.36,2,3,3
1.37,2,3,3
1.38,2,3,3
1.39,2,3,3
1.400000000000001,2,3,3
1.400000000000001,2,3,3
1.41,2,3,3
1.42,2,3,3
1.43,2,3,3
1.44,2,3,3
1.450000000000001,2,3,3
1.450000000000001,2,3,3
1.46,2,3,3
1.47,2,3,3
1.48,2,3,3
1.49,2,3,3
1.500000000000001,2,3,3
1.500000000000001,2,3,3
1.51,2,3,3
1.52,2,3,3
1.53,2,3,3
1.54,2,3,3
1.550000000000001,2,3,3
1.550000000000001,2,3,3
1.56,2,3,3
1.57,2,3,3
1.58,2,3,3
1.59,2,3,3
1.600000000000001,2,3,3
1.600000000000001,2,3,3
1.61,2,3,3
1.62,2,3,3
1.63,2,3,3
1.64,2,3,3
1.650000000000001,2,3,3
1.650000000000001,2,3,3
1.66,2,3,3
1.67,2,3,3
1.68,2,3,3
1.69,2,3,3
1.700000000000001,2,3,3
1.700000000000001,2,3,3
1.71,2,3,3
1.72,2,3,3
1.73,2,3,3
1.74,2,3,3
1.750000000000001,2,3,3
1.750000000000001,2,3,3
1.76,2,3,3
1.77,2,3,3
1.78,2,3,3
1.79,2,3,3
1.800000000000001,2,3,3
1.800000000000001,2,3,3
1.81,2,3,3
1.82,2,3,3
1.83,2,3,3
1.84,2,3,3
1.850000000000001,2,3,3
1.850000000000001,2,3,3
1.86,2,3,3
1.87,2,3,3
1.875000000001517,2,3,3
1.875000000001517,2,4,4
1.88,2,4,4
1.89,2,4,4
1.900000000000001,2,4,4
1.900000000000001,2,4,4
1.91,2,4,4
1.92,2,4,4
1.93,2,4,4
1.94,2,4,4
1.950000000000001,2,4,4
1.950000000000001,2,4,4
1.96,2,4,4
1.97,2,4,4
1.98,2,4,4
1.99,2,4,4
2,2,4,4
2,3,4,4
2.01,3,4,4
2.02,3,4,4
2.03,3,4,4
2.04,3,4,4
2.050000000000001,3,4,4
2.050000000000001,3,4,4
2.06,3,4,4
2.07,3,4,4
2.08,3,4,4
2.09,3,4,4
2.091753290694791,3,4,4
2.091753290694791,3,4,4
2.0950878947543,3,4,4
2.0950878947543,3,5,5
2.100000000000001,3,5,5
2.100000000000001,3,5,5
2.11,3,5,5
2.12,3,5,5
2.13,3,5,5
2.14,3,5,5
2.15,3,5,5
2.15,3,5,5
2.16,3,5,5
2.17,3,5,5
2.18,3,5,5
2.19,3,5,5
2.2,3,5,5
2.2,3,5,5
2.21,3,5,5
2.22,3,5,5
2.23,3,5,5
2.24,3,5,5
2.25,3,5,5
2.25,3,5,5
2.26,3,5,5
2.27,3,5,5
2.28,3,5,5
2.29,3,5,5
2.3,3,5,5
2.3,3,5,5
2.31,3,5,5
2.32,3,5,5
2.33,3,5,5
2.34,3,5,5
2.35,3,5,5
2.35,3,5,5
2.36,3,5,5
2.37,3,5,5
2.38,3,5,5
2.39,3,5,5
2.399999999999999,3,5,5
2.399999999999999,3,5,5
2.41,3,5,5
2.42,3,5,5
2.43,3,5,5
2.44,3,5,5
2.449999999999999,3,5,5
2.449999999999999,3,5,5
2.46,3,5,5
2.47,3,5,5
2.48,3,5,5
2.49,3,5,5
2.499999999999999,3,5,5
2.499999999999999,3,5,5
2.51,3,5,5
2.52,3,5,5
2.53,3,5,5
2.54,3,5,5
2.549999999999999,3,5,5
2.549999999999999,3,5,5
2.56,3,5,5
2.57,3,5,5
2.58,3,5,5
2.59,3,5,5
2.599999999999999,3,5,5
2.599999999999999,3,5,5
2.6,3,5,5
2.61,3,5,5
2.62,3,5,5
2.63,3,5,5
2.64,3,5,5
2.649999999999999,3,5,5
2.649999999999999,3,5,5
2.65,3,5,5
2.66,3,5,5
2.67,3,5,5
2.68,3,5,5
2.69,3,5,5
2.699999999999998,3,5,5
2.699999999999998,3,5,5
2.7,3,5,5
2.71,3,5,5
2.72,3,5,5
2.73,3,5,5
2.74,3,5,5
2.749999999999998,3,5,5
2.749999999999998,3,5,5
2.75,3,5,5
2.76,3,5,5
2.77,3,5,5
2.78,3,5,5
2.79,3,5,5
2.799999999999998,3,5,5
2.799999999999998,3,5,5
2.8,3,5,5
2.81,3,5,5
2.82,3,5,5
2.83,3,5,5
2.84,3,5,5
2.849999999999998,3,5,5
2.849999999999998,3,5,5
2.85,3,5,5
2.86,3,5,5
2.87,3,5,5
2.88,3,5,5
2.89,3,5,5
2.899999999999998,3,5,5
2.899999999999998,3,5,5
2.9,3,5,5
2.91,3,5,5
2.92,3,5,5
2.93,3,5,5
2.94,3,5,5
2.949999999999998,3,5,5
2.949999999999998,3,5,5
2.95,3,5,5
2.96,3,5,5
2.97,3,5,5
2.98,3,5,5
2.99,3,5,5
2.999999999999997,3,5,5
2.999999999999997,4,5,5
3,4,5,5
3.01,4,5,5
3.02,4,5,5
3.03,4,5,5
3.04,4,5,5
3.049999999999997,4,5,5
3.049999999999997,4,5,5
3.05,4,5,5
3.06,4,5,5
3.07,4,5,5
3.08,4,5,5
3.09,4,5,5
3.090087894752821,4,5,5
3.090087894752821,4,6,6
3.090202403444002,4,6,6
3.090202403444002,4,6,6
3.099999999999997,4,6,6
3.099999999999997,4,6,6
3.1,4,6,6
3.11,4,6,6
3.12,4,6,6
3.13,4,6,6
3.14,4,6,6
3.149999999999997,4,6,6
3.149999999999997,4,6,6
3.15,4,6,6
3.16,4,6,6
3.17,4,6,6
3.18,4,6,6
3.19,4,6,6
3.199999999999997,4,6,6
3.199999999999997,4,6,6
3.2,4,6,6
3.21,4,6,6
3.22,4,6,6
3.23,4,6,6
3.24,4,6,6
3.249999999999996,4,6,6
3.249999999999996,4,6,6
3.25,4,6,6
3.26,4,6,6
3.27,4,6,6
3.28,4,6,6
3.29,4,6,6
3.299999999999996,4,6,6
3.299999999999996,4,6,6
3.3,4,6,6
3.31,4,6,6
3.32,4,6,6
3.33,4,6,6
3.34,4,6,6
3.349999999999996,4,6,6
3.349999999999996,4,6,6
3.35,4,6,6
3.36,4,6,6
3.37,4,6,6
3.38,4,6,6
3.39,4,6,6
3.399999999999996,4,6,6
3.399999999999996,4,6,6
3.4,4,6,6
3.41,4,6,6
3.42,4,6,6
3.43,4,6,6
3.44,4,6,6
3.449999999999996,4,6,6
3.449999999999996,4,6,6
3.45,4,6,6
3.46,4,6,6
3.47,4,6,6
3.48,4,6,6
3.49,4,6,6
3.499999999999996,4,6,6
3.499999999999996,4,6,6
3.5,4,6,6
3.51,4,6,6
3.52,4,6,6
3.53,4,6,6
3.54,4,6,6
3.549999999999995,4,6,6
3.549999999999995,4,6,6
3.55,4,6,6
3.56,4,6,6
3.57,4,6,6
3.58,4,6,6
3.59,4,6,6
3.599999999999995,4,6,6
3.599999999999995,4,6,6
3.6,4,6,6
3.61,4,6,6
3.62,4,6,6
3.63,4,6,6
3.64,4,6,6
3.649999999999995,4,6,6
3.649999999999995,4,6,6
3.65,4,6,6
3.66,4,6,6
3.67,4,6,6
3.68,4,6,6
3.69,4,6,6
3.699999999999995,4,6,6
3.699999999999995,4,6,6
3.7,4,6,6
3.71,4,6,6
3.72,4,6,6
3.73,4,6,6
3.74,4,6,6
3.749999999999995,4,6,6
3.749999999999995,4,6,6
3.75,4,6,6
3.76,4,6,6
3.77,4,6,6
3.78,4,6,6
3.79,4,6,6
3.799999999999994,4,6,6
3.799999999999994,4,6,6
3.8,4,6,6
3.81,4,6,6
3.82,4,6,6
3.83,4,6,6
3.84,4,6,6
3.849999999999994,4,6,6
3.849999999999994,4,6,6
3.85,4,6,6
3.86,4,6,6
3.87,4,6,6
3.88,4,6,6
3.89,4,6,6
3.899999999999994,4,6,6
3.899999999999994,4,6,6
3.9,4,6,6
3.91,4,6,6
3.92,4,6,6
3.93,4,6,6
3.94,4,6,6
3.949999999999994,4,6,6
3.949999999999994,4,6,6
3.95,4,6,6
3.96,4,6,6
3.97,4,6,6
3.98,4,6,6
3.99,4,6,6
3.999999999999994,4,6,6
3.999999999999994,5,6,6
4,5,6,6
4.01,5,6,6
4.02,5,6,6
4.03,5,6,6
4.04,5,6,6
4.049999999999994,5,6,6
4.049999999999994,5,6,6
4.05,5,6,6
4.06,5,6,6
4.07,5,6,6
4.08,5,6,6
4.09,5,6,6
4.090087894752854,5,6,6
4.090087894752854,5,7,7
4.09019956989144,5,7,7
4.09019956989144,5,7,7
4.099999999999993,5,7,7
4.099999999999993,5,7,7
4.1,5,7,7
4.11,5,7,7
4.12,5,7,7
4.13,5,7,7
4.14,5,7,7
4.149999999999993,5,7,7
4.149999999999993,5,7,7
4.15,5,7,7
4.16,5,7,7
4.17,5,7,7
4.18,5,7,7
4.19,5,7,7
4.199999999999993,5,7,7
4.199999999999993,5,7,7
4.2,5,7,7
4.21,5,7,7
4.22,5,7,7
4.23,5,7,7
4.24,5,7,7
4.249999999999993,5,7,7
4.249999999999993,5,7,7
4.25,5,7,7
4.26,5,7,7
4.27,5,7,7
4.28,5,7,7
4.29,5,7,7
4.299999999999993,5,7,7
4.299999999999993,5,7,7
4.3,5,7,7
4.31,5,7,7
4.32,5,7,7
4.33,5,7,7
4.34,5,7,7
4.349999999999993,5,7,7
4.349999999999993,5,7,7
4.35,5,7,7
4.36,5,7,7
4.37,5,7,7
4.38,5,7,7
4.39,5,7,7
4.399999999999992,5,7,7
4.399999999999992,5,7,7
4.4,5,7,7
4.41,5,7,7
4.42,5,7,7
4.43,5,7,7
4.44,5,7,7
4.449999999999992,5,7,7
4.449999999999992,5,7,7
4.45,5,7,7
4.46,5,7,7
4.47,5,7,7
4.48,5,7,7
4.49,5,7,7
4.499999999999992,5,7,7
4.499999999999992,5,7,7
4.5,5,7,7
4.51,5,7,7
4.52,5,7,7
4.53,5,7,7
4.54,5,7,7
4.549999999999992,5,7,7
4.549999999999992,5,7,7
4.55,5,7,7
4.56,5,7,7
4.57,5,7,7
4.58,5,7,7
4.59,5,7,7
4.599999999999992,5,7,7
4.599999999999992,5,7,7
4.6,5,7,7
4.61,5,7,7
4.62,5,7,7
4.63,5,7,7
4.64,5,7,7
4.649999999999991,5,7,7
4.649999999999991,5,7,7
4.65,5,7,7
4.66,5,7,7
4.67,5,7,7
4.68,5,7,7
4.69,5,7,7
4.699999999999991,5,7,7
4.699999999999991,5,7,7
4.7,5,7,7
4.71,5,7,7
4.72,5,7,7
4.73,5,7,7
4.74,5,7,7
4.749999999999991,5,7,7
4.749999999999991,5,7,7
4.75,5,7,7
4.76,5,7,7
4.77,5,7,7
4.78,5,7,7
4.79,5,7,7
4.799999999999991,5,7,7
4.799999999999991,5,7,7
4.8,5,7,7
4.81,5,7,7
4.82,5,7,7
4.83,5,7,7
4.84,5,7,7
4.849999999999991,5,7,7
4.849999999999991,5,7,7
4.85,5,7,7
4.86,5,7,7
4.87,5,7,7
4.88,5,7,7
4.89,5,7,7
4.899999999999991,5,7,7
4.899999999999991,5,7,7
4.9,5,7,7
4.91,5,7,7
4.92,5,7,7
4.93,5,7,7
4.94,5,7,7
4.94999999999999,5,7,7
4.94999999999999,5,7,7
4.95,5,7,7
4.96,5,7,7
4.97,5,7,7
4.98,5,7,7
4.99,5,7,7
4.99999999999999,5,7,7
4.99999999999999,6,7,7
5,6,7,7
5.000000000600082,6,7,7
5.000000000600082,6,7,7
5.01,6,7,7
5.02,6,7,7
5.03,6,7,7
5.04,6,7,7
5.04999999999999,6,7,7
5.04999999999999,6,7,7
5.05,6,7,7
5.06,6,7,7
5.07,6,7,7
5.08,6,7,7
5.09,6,7,7
5.090087894752842,6,7,7
5.090087894752842,6,8,8
5.090199564850647,6,8,8
5.090199564850647,6,8,8
5.09999999999999,6,8,8
5.09999999999999,6,8,8
5.1,6,8,8
5.11,6,8,8
5.12,6,8,8
5.13,6,8,8
5.14,6,8,8
5.14999999999999,6,8,8
5.14999999999999,6,8,8
5.15,6,8,8
5.16,6,8,8
5.17,6,8,8
5.18,6,8,8
5.19,6,8,8
5.19999999999999,6,8,8
5.19999999999999,6,8,8
5.2,6,8,8
5.21,6,8,8
5.22,6,8,8
5.23,6,8,8
5.24,6,8,8
5.249999999999989,6,8,8
5.249999999999989,6,8,8
5.25,6,8,8
5.26,6,8,8
5.27,6,8,8
5.28,6,8,8
5.29,6,8,8
5.299999999999989,6,8,8
5.299999999999989,6,8,8
5.3,6,8,8
5.31,6,8,8
5.32,6,8,8
5.33,6,8,8
5.34,6,8,8
5.349999999999989,6,8,8
5.349999999999989,6,8,8
5.35,6,8,8
5.36,6,8,8
5.37,6,8,8
5.38,6,8,8
5.39,6,8,8
5.399999999999989,6,8,8
5.399999999999989,6,8,8
5.4,6,8,8
5.41,6,8,8
5.42,6,8,8
5.43,6,8,8
5.44,6,8,8
5.449999999999989,6,8,8
5.449999999999989,6,8,8
5.45,6,8,8
5.46,6,8,8
5.47,6,8,8
5.48,6,8,8
5.49,6,8,8
5.499999999999988,6,8,8
5.499999999999988,6,8,8
5.5,6,8,8
5.51,6,8,8
5.52,6,8,8
5.53,6,8,8
5.54,6,8,8
5.549999999999988,6,8,8
5.549999999999988,6,8,8
5.55,6,8,8
5.56,6,8,8
5.57,6,8,8
5.58,6,8,8
5.59,6,8,8
5.599999999999988,6,8,8
5.599999999999988,6,8,8
5.6,6,8,8
5.61,6,8,8
5.62,6,8,8
5.63,6,8,8
5.64,6,8,8
5.649999999999988,6,8,8
5.649999999999988,6,8,8
5.65,6,8,8
5.66,6,8,8
5.67,6,8,8
5.68,6,8,8
5.69,6,8,8
5.699999999999988,6,8,8
5.699999999999988,6,8,8
5.7,6,8,8
5.71,6,8,8
5.72,6,8,8
5.73,6,8,8
5.74,6,8,8
5.749999999999988,6,8,8
5.749999999999988,6,8,8
5.75,6,8,8
5.76,6,8,8
5.77,6,8,8
5.78,6,8,8
5.79,6,8,8
5.799999999999987,6,8,8
5.799999999999987,6,8,8
5.8,6,8,8
5.81,6,8,8
5.82,6,8,8
5.83,6,8,8
5.84,6,8,8
5.849999999999987,6,8,8
5.849999999999987,6,8,8
5.85,6,8,8
5.86,6,8,8
5.87,6,8,8
5.88,6,8,8
5.89,6,8,8
5.899999999999987,6,8,8
5.899999999999987,6,8,8
5.9,6,8,8
5.91,6,8,8
5.92,6,8,8
5.93,6,8,8
5.94,6,8,8
5.949999999999987,6,8,8
5.949999999999987,6,8,8
5.95,6,8,8
5.96,6,8,8
5.97,6,8,8
5.98,6,8,8
5.99,6,8,8
5.999999999999987,6,8,8
5.999999999999987,6,8,8
6,6,8,8
6,7,8,8
6.01,7,8,8
6.02,7,8,8
6.03,7,8,8
6.04,7,8,8
6.049999999999986,7,8,8
6.049999999999986,7,8,8
6.05,7,8,8
6.06,7,8,8
6.07,7,8,8
6.08,7,8,8
6.09,7,8,8
6.090199564941563,7,8,8
6.090199564941563,7,8,8
6.095087894754304,7,8,8
6.095087894754304,7,9,9
6.099999999999986,7,9,9
6.099999999999986,7,9,9
6.1,7,9,9
6.11,7,9,9
6.12,7,9,9
6.13,7,9,9
6.14,7,9,9
6.149999999999986,7,9,9
6.149999999999986,7,9,9
6.15,7,9,9
6.16,7,9,9
6.17,7,9,9
6.18,7,9,9
6.19,7,9,9
6.199999999999986,7,9,9
6.199999999999986,7,9,9
6.2,7,9,9
6.21,7,9,9
6.22,7,9,9
6.23,7,9,9
6.24,7,9,9
6.249999999999986,7,9,9
6.249999999999986,7,9,9
6.25,7,9,9
6.26,7,9,9
6.27,7,9,9
6.28,7,9,9
6.29,7,9,9
6.299999999999986,7,9,9
6.299999999999986,7,9,9
6.3,7,9,9
6.31,7,9,9
6.32,7,9,9
6.33,7,9,9
6.34,7,9,9
6.349999999999985,7,9,9
6.349999999999985,7,9,9
6.35,7,9,9
6.36,7,9,9
6.37,7,9,9
6.38,7,9,9
6.39,7,9,9
6.399999999999985,7,9,9
6.399999999999985,7,9,9
6.4,7,9,9
6.41,7,9,9
6.42,7,9,9
6.43,7,9,9
6.44,7,9,9
6.449999999999985,7,9,9
6.449999999999985,7,9,9
6.45,7,9,9
6.46,7,9,9
6.47,7,9,9
6.48,7,9,9
6.49,7,9,9
6.499999999999985,7,9,9
6.499999999999985,7,9,9
6.5,7,9,9
6.51,7,9,9
6.52,7,9,9
6.53,7,9,9
6.54,7,9,9
6.549999999999985,7,9,9
6.549999999999985,7,9,9
6.55,7,9,9
6.56,7,9,9
6.57,7,9,9
6.58,7,9,9
6.59,7,9,9
6.599999999999985,7,9,9
6.599999999999985,7,9,9
6.6,7,9,9
6.61,7,9,9
6.62,7,9,9
6.63,7,9,9
6.64,7,9,9
6.649999999999984,7,9,9
6.649999999999984,7,9,9
6.65,7,9,9
6.66,7,9,9
6.67,7,9,9
6.68,7,9,9
6.69,7,9,9
6.699999999999984,7,9,9
6.699999999999984,7,9,9
6.7,7,9,9
6.71,7,9,9
6.72,7,9,9
6.73,7,9,9
6.74,7,9,9
6.749999999999984,7,9,9
6.749999999999984,7,9,9
6.75,7,9,9
6.76,7,9,9
6.77,7,9,9
6.78,7,9,9
6.79,7,9,9
6.799999999999984,7,9,9
6.799999999999984,7,9,9
6.8,7,9,9
6.81,7,9,9
6.82,7,9,9
6.83,7,9,9
6.84,7,9,9
6.849999999999984,7,9,9
6.849999999999984,7,9,9
6.85,7,9,9
6.86,7,9,9
6.87,7,9,9
6.88,7,9,9
6.89,7,9,9
6.899999999999983,7,9,9
6.899999999999983,7,9,9
6.9,7,9,9
6.91,7,9,9
6.92,7,9,9
6.93,7,9,9
6.94,7,9,9
6.949999999999983,7,9,9
6.949999999999983,7,9,9
6.95,7,9,9
6.96,7,9,9
6.97,7,9,9
6.98,7,9,9
6.99,7,9,9
6.999999999999983,7,9,9
6.999999999999983,7,9,9
7,7,9,9
7,7,9,9
7.01,7,9,9
7.02,7,9,9
7.03,7,9,9
7.04,7,9,9
7.049999999999983,7,9,9
7.049999999999983,7,9,9
7.05,7,9,9
7.06,7,9,9
7.07,7,9,9
7.08,7,9,9
7.09,7,9,9
7.099999999999983,7,9,9
7.099999999999983,7,9,9
7.1,7,9,9
7.11,7,9,9
7.12,7,9,9
7.13,7,9,9
7.14,7,9,9
7.149999999999983,7,9,9
7.149999999999983,7,9,9
7.15,7,9,9
7.16,7,9,9
7.17,7,9,9
7.18,7,9,9
7.19,7,9,9
7.199999999999982,7,9,9
7.199999999999982,7,9,9
7.2,7,9,9
7.21,7,9,9
7.22,7,9,9
7.23,7,9,9
7.24,7,9,9
7.249999999999982,7,9,9
7.249999999999982,7,9,9
7.25,7,9,9
7.26,7,9,9
7.27,7,9,9
7.28,7,9,9
7.29,7,9,9
7.299999999999982,7,9,9
7.299999999999982,7,9,9
7.3,7,9,9
7.31,7,9,9
7.32,7,9,9
7.33,7,9,9
7.34,7,9,9
7.349999999999982,7,9,9
7.349999999999982,7,9,9
7.35,7,9,9
7.36,7,9,9
7.37,7,9,9
7.38,7,9,9
7.39,7,9,9
7.399999999999982,7,9,9
7.399999999999982,7,9,9
7.4,7,9,9
7.41,7,9,9
7.42,7,9,9
7.43,7,9,9
7.44,7,9,9
7.449999999999982,7,9,9
7.449999999999982,7,9,9
7.45,7,9,9
7.46,7,9,9
7.47,7,9,9
7.48,7,9,9
7.49,7,9,9
7.499999999999981,7,9,9
7.499999999999981,7,9,9
7.5,7,9,9
7.51,7,9,9
7.52,7,9,9
7.53,7,9,9
7.54,7,9,9
7.549999999999981,7,9,9
7.549999999999981,7,9,9
7.55,7,9,9
7.56,7,9,9
7.57,7,9,9
7.58,7,9,9
7.59,7,9,9
7.599999999999981,7,9,9
7.599999999999981,7,9,9
7.6,7,9,9
7.61,7,9,9
7.62,7,9,9
7.63,7,9,9
7.64,7,9,9
7.649999999999981,7,9,9
7.649999999999981,7,9,9
7.65,7,9,9
7.66,7,9,9
7.67,7,9,9
7.68,7,9,9
7.69,7,9,9
7.699999999999981,7,9,9
7.699999999999981,7,9,9
7.7,7,9,9
7.71,7,9,9
7.72,7,9,9
7.73,7,9,9
7.74,7,9,9
7.74999999999998,7,9,9
7.74999999999998,7,9,9
7.75,7,9,9
7.76,7,9,9
7.77,7,9,9
7.78,7,9,9
7.79,7,9,9
7.79999999999998,7,9,9
7.79999999999998,7,9,9
7.8,7,9,9
7.81,7,9,9
7.82,7,9,9
7.83,7,9,9
7.84,7,9,9
7.84999999999998,7,9,9
7.84999999999998,7,9,9
7.85,7,9,9
7.86,7,9,9
7.87,7,9,9
7.88,7,9,9
7.89,7,9,9
7.89999999999998,7,9,9
7.89999999999998,7,9,9
7.9,7,9,9
7.91,7,9,9
7.92,7,9,9
7.93,7,9,9
7.94,7,9,9
7.94999999999998,7,9,9
7.94999999999998,7,9,9
7.95,7,9,9
7.96,7,9,9
7.97,7,9,9
7.98,7,9,9
7.99,7,9,9
7.99999999999998,7,9,9
7.99999999999998,7,9,9
8,7,9,9
8,7,9,9
8.01,7,9,9
8.02,7,9,9
8.029999999999999,7,9,9
8.039999999999999,7,9,9
8.049999999999979,7,9,9
8.049999999999979,7,9,9
8.050000000000001,7,9,9
8.06,7,9,9
8.07,7,9,9
8.08,7,9,9
8.09,7,9,9
8.09999999999998,7,9,9
8.09999999999998,7,9,9
8.1,7,9,9
8.109999999999999,7,9,9
8.119999999999999,7,9,9
8.130000000000001,7,9,9
8.140000000000001,7,9,9
8.149999999999981,7,9,9
8.149999999999981,7,9,9
8.15,7,9,9
8.16,7,9,9
8.17,7,9,9
8.18,7,9,9
8.19,7,9,9
8.199999999999982,7,9,9
8.199999999999982,7,9,9
8.199999999999999,7,9,9
8.210000000000001,7,9,9
8.220000000000001,7,9,9
8.23,7,9,9
8.24,7,9,9
8.249999999999982,7,9,9
8.249999999999982,7,9,9
8.25,7,9,9
8.26,7,9,9
8.27,7,9,9
8.279999999999999,7,9,9
8.289999999999999,7,9,9
8.299999999999983,7,9,9
8.299999999999983,7,9,9
8.300000000000001,7,9,9
8.31,7,9,9
8.32,7,9,9
8.33,7,9,9
8.34,7,9,9
8.349999999999984,7,9,9
8.349999999999984,7,9,9
8.35,7,9,9
8.359999999999999,7,9,9
8.369999999999999,7,9,9
8.380000000000001,7,9,9
8.390000000000001,7,9,9
8.399999999999984,7,9,9
8.399999999999984,7,9,9
8.4,7,9,9
8.41,7,9,9
8.42,7,9,9
8.43,7,9,9
8.44,7,9,9
8.449999999999985,7,9,9
8.449999999999985,7,9,9
8.449999999999999,7,9,9
8.460000000000001,7,9,9
8.470000000000001,7,9,9
8.48,7,9,9
8.49,7,9,9
8.499999999999986,7,9,9
8.499999999999986,7,9,9
8.5,7,9,9
8.51,7,9,9
8.52,7,9,9
8.529999999999999,7,9,9
8.539999999999999,7,9,9
8.549999999999986,7,9,9
8.549999999999986,7,9,9
8.550000000000001,7,9,9
8.56,7,9,9
8.57,7,9,9
8.58,7,9,9
8.59,7,9,9
8.599999999999987,7,9,9
8.599999999999987,7,9,9
8.6,7,9,9
8.609999999999999,7,9,9
8.619999999999999,7,9,9
8.630000000000001,7,9,9
8.640000000000001,7,9,9
8.649999999999988,7,9,9
8.649999999999988,7,9,9
8.65,7,9,9
8.66,7,9,9
8.67,7,9,9
8.68,7,9,9
8.69,7,9,9
8.699999999999989,7,9,9
8.699999999999989,7,9,9
8.699999999999999,7,9,9
8.710000000000001,7,9,9
8.720000000000001,7,9,9
8.73,7,9,9
8.74,7,9,9
8.749999999999989,7,9,9
8.749999999999989,7,9,9
8.75,7,9,9
8.76,7,9,9
8.77,7,9,9
8.779999999999999,7,9,9
8.789999999999999,7,9,9
8.79999999999999,7,9,9
8.79999999999999,7,9,9
8.800000000000001,7,9,9
8.81,7,9,9
8.82,7,9,9
8.83,7,9,9
8.84,7,9,9
8.849999999999991,7,9,9
8.849999999999991,7,9,9
8.85,7,9,9
8.859999999999999,7,9,9
8.869999999999999,7,9,9
8.880000000000001,7,9,9
8.890000000000001,7,9,9
8.899999999999991,7,9,9
8.899999999999991,7,9,9
8.9,7,9,9
8.91,7,9,9
8.92,7,9,9
8.93,7,9,9
8.94,7,9,9
8.949999999999992,7,9,9
8.949999999999992,7,9,9
8.949999999999999,7,9,9
8.960000000000001,7,9,9
8.970000000000001,7,9,9
8.98,7,9,9
8.99,7,9,9
8.999999999999993,7,9,9
8.999999999999993,8,9,9
9,8,9,9
9.01,8,9,9
9.02,8,9,9
9.029999999999999,8,9,9
9.039999999999999,8,9,9
9.049999999999994,8,9,9
9.049999999999994,8,9,9
9.050000000000001,8,9,9
9.06,8,9,9
9.07,8,9,9
9.08,8,9,9
9.09,8,9,9
9.090000001011649,8,9,9
9.090000001011649,8,9,9
9.090087894752813,8,9,9
9.090087894752813,8,10,10
9.099999999999994,8,10,10
9.099999999999994,8,10,10
9.1,8,10,10
9.109999999999999,8,10,10
9.119999999999999,8,10,10
9.130000000000001,8,10,10
9.140000000000001,8,10,10
9.149999999999995,8,10,10
9.149999999999995,8,10,10
9.15,8,10,10
9.16,8,10,10
9.17,8,10,10
9.18,8,10,10
9.19,8,10,10
9.199999999999996,8,10,10
9.199999999999996,8,10,10
9.199999999999999,8,10,10
9.210000000000001,8,10,10
9.220000000000001,8,10,10
9.23,8,10,10
9.24,8,10,10
9.249999999999996,8,10,10
9.249999999999996,8,10,10
9.25,8,10,10
9.26,8,10,10
9.27,8,10,10
9.279999999999999,8,10,10
9.289999999999999,8,10,10
9.299999999999997,8,10,10
9.299999999999997,8,10,10
9.300000000000001,8,10,10
9.31,8,10,10
9.32,8,10,10
9.33,8,10,10
9.34,8,10,10
9.349999999999998,8,10,10
9.349999999999998,8,10,10
9.35,8,10,10
9.359999999999999,8,10,10
9.369999999999999,8,10,10
9.380000000000001,8,10,10
9.390000000000001,8,10,10
9.399999999999999,8,10,10
9.399999999999999,8,10,10
9.4,8,10,10
9.41,8,10,10
9.42,8,10,10
9.43,8,10,10
9.44,8,10,10
9.449999999999999,8,10,10
9.449999999999999,8,10,10
9.460000000000001,8,10,10
9.470000000000001,8,10,10
9.48,8,10,10
9.49,8,10,10
9.5,8,10,10
9.5,8,10,10
9.51,8,10,10
9.52,8,10,10
9.529999999999999,8,10,10
9.539999999999999,8,10,10
9.550000000000001,8,10,10
9.550000000000001,8,10,10
9.56,8,10,10
9.57,8,10,10
9.58,8,10,10
9.59,8,10,10
9.600000000000001,8,10,10
9.600000000000001,8,10,10
9.609999999999999,8,10,10
9.619999999999999,8,10,10
9.630000000000001,8,10,10
9.640000000000001,8,10,10
9.650000000000002,8,10,10
9.650000000000002,8,10,10
9.66,8,10,10
9.67,8,10,10
9.68,8,10,10
9.69,8,10,10
9.700000000000003,8,10,10
9.700000000000003,8,10,10
9.710000000000001,8,10,10
9.720000000000001,8,10,10
9.73,8,10,10
9.74,8,10,10
9.750000000000004,8,10,10
9.750000000000004,8,10,10
9.76,8,10,10
9.77,8,10,10
9.779999999999999,8,10,10
9.789999999999999,8,10,10
9.800000000000004,8,10,10
9.800000000000004,8,10,10
9.81,8,10,10
9.82,8,10,10
9.83,8,10,10
9.84,8,10,10
9.850000000000005,8,10,10
9.850000000000005,8,10,10
9.859999999999999,8,10,10
9.869999999999999,8,10,10
9.880000000000001,8,10,10
9.890000000000001,8,10,10
9.900000000000006,8,10,10
9.900000000000006,8,10,10
9.91,8,10,10
9.92,8,10,10
9.93,8,10,10
9.94,8,10,10
9.950000000000006,8,10,10
9.950000000000006,8,10,10
9.960000000000001,8,10,10
9.970000000000001,8,10,10
9.98,8,10,10
9.99,8,10,10
10,8,10,10
10,8,10,10
10.01,8,10,10
10.02,8,10,10
10.03,8,10,10
10.04,8,10,10
10.05000000000001,8,10,10
10.05000000000001,8,10,10
10.06,8,10,10
10.07,8,10,10
10.08,8,10,10
10.09,8,10,10
10.10000000000001,8,10,10
10.10000000000001,8,10,10
10.11,8,10,10
10.12,8,10,10
10.13,8,10,10
10.14,8,10,10
10.15000000000001,8,10,10
10.15000000000001,8,10,10
10.16,8,10,10
10.17,8,10,10
10.18,8,10,10
10.19,8,10,10
10.20000000000001,8,10,10
10.20000000000001,8,10,10
10.21,8,10,10
10.22,8,10,10
10.23,8,10,10
10.24,8,10,10
10.25000000000001,8,10,10
10.25000000000001,8,10,10
10.26,8,10,10
10.27,8,10,10
10.28,8,10,10
10.29,8,10,10
10.30000000000001,8,10,10
10.30000000000001,8,10,10
10.31,8,10,10
10.32,8,10,10
10.33,8,10,10
10.34,8,10,10
10.35,8,10,10
10.35000000000001,8,10,10
10.35000000000001,8,10,10
10.36,8,10,10
10.37,8,10,10
10.38,8,10,10
10.39,8,10,10
10.4,8,10,10
10.40000000000001,8,10,10
10.40000000000001,8,10,10
10.41,8,10,10
10.42,8,10,10
10.43,8,10,10
10.44,8,10,10
10.45,8,10,10
10.45000000000001,8,10,10
10.45000000000001,8,10,10
10.46,8,10,10
10.47,8,10,10
10.48,8,10,10
10.49,8,10,10
10.5,8,10,10
10.50000000000001,8,10,10
10.50000000000001,8,10,10
10.51,8,10,10
10.52,8,10,10
10.53,8,10,10
10.54,8,10,10
10.55,8,10,10
10.55000000000001,8,10,10
10.55000000000001,8,10,10
10.56,8,10,10
10.57,8,10,10
10.58,8,10,10
10.59,8,10,10
10.6,8,10,10
10.60000000000002,8,10,10
10.60000000000002,8,10,10
10.61,8,10,10
10.62,8,10,10
10.63,8,10,10
10.64,8,10,10
10.65,8,10,10
10.65000000000002,8,10,10
10.65000000000002,8,10,10
10.66,8,10,10
10.67,8,10,10
10.68,8,10,10
10.69,8,10,10
10.7,8,10,10
10.70000000000002,8,10,10
10.70000000000002,8,10,10
10.71,8,10,10
10.72,8,10,10
10.73,8,10,10
10.74,8,10,10
10.75,8,10,10
10.75000000000002,8,10,10
10.75000000000002,8,10,10
10.76,8,10,10
10.77,8,10,10
10.78,8,10,10
10.79,8,10,10
10.8,8,10,10
10.80000000000002,8,10,10
10.80000000000002,8,10,10
10.81,8,10,10
10.82,8,10,10
10.83,8,10,10
10.84,8,10,10
10.85,8,10,10
10.85000000000002,8,10,10
10.85000000000002,8,10,10
10.86,8,10,10
10.87,8,10,10
10.88,8,10,10
10.89,8,10,10
10.9,8,10,10
10.90000000000002,8,10,10
10.90000000000002,8,10,10
10.91,8,10,10
10.92,8,10,10
10.93,8,10,10
10.94,8,10,10
10.95,8,10,10
10.95000000000002,8,10,10
10.95000000000002,8,10,10
10.96,8,10,10
10.97,8,10,10
10.98,8,10,10
10.99,8,10,10
11,8,10,10
11,8,10,10
11.00000000000002,8,10,10
11.00000000000002,8,10,10
11.01,8,10,10
11.02,8,10,10
11.03,8,10,10
11.04,8,10,10
11.05,8,10,10
11.05000000000002,8,10,10
11.05000000000002,8,10,10
11.06,8,10,10
11.07,8,10,10
11.08,8,10,10
11.09,8,10,10
11.1,8,10,10
11.10000000000002,8,10,10
11.10000000000002,8,10,10
11.11,8,10,10
11.12,8,10,10
11.13,8,10,10
11.14,8,10,10
11.15,8,10,10
11.15000000000002,8,10,10
11.15000000000002,8,10,10
11.16,8,10,10
11.17,8,10,10
11.18,8,10,10
11.19,8,10,10
11.2,8,10,10
11.20000000000002,8,10,10
11.20000000000002,8,10,10
11.21,8,10,10
11.22,8,10,10
11.23,8,10,10
11.24,8,10,10
11.25,8,10,10
11.25000000000002,8,10,10
11.25000000000002,8,10,10
11.26,8,10,10
11.27,8,10,10
11.28,8,10,10
11.29,8,10,10
11.3,8,10,10
11.30000000000003,8,10,10
11.30000000000003,8,10,10
11.31,8,10,10
11.32,8,10,10
11.33,8,10,10
11.34,8,10,10
11.35,8,10,10
11.35000000000003,8,10,10
11.35000000000003,8,10,10
11.36,8,10,10
11.37,8,10,10
11.38,8,10,10
11.39,8,10,10
11.4,8,10,10
11.40000000000003,8,10,10
11.40000000000003,8,10,10
11.41,8,10,10
11.42,8,10,10
11.43,8,10,10
11.44,8,10,10
11.45,8,10,10
11.45000000000003,8,10,10
11.45000000000003,8,10,10
11.46,8,10,10
11.47,8,10,10
11.48,8,10,10
11.49,8,10,10
11.5,8,10,10
11.50000000000003,8,10,10
11.50000000000003,8,10,10
11.51,8,10,10
11.52,8,10,10
11.53,8,10,10
11.54,8,10,10
11.55,8,10,10
11.55000000000003,8,10,10
11.55000000000003,8,10,10
11.56,8,10,10
11.57,8,10,10
11.58,8,10,10
11.59,8,10,10
11.6,8,10,10
11.60000000000003,8,10,10
11.60000000000003,8,10,10
11.61,8,10,10
11.62,8,10,10
11.63,8,10,10
11.64,8,10,10
11.65,8,10,10
11.65000000000003,8,10,10
11.65000000000003,8,10,10
11.66,8,10,10
11.67,8,10,10
11.68,8,10,10
11.69,8,10,10
11.7,8,10,10
11.70000000000003,8,10,10
11.70000000000003,8,10,10
11.71,8,10,10
11.72,8,10,10
11.73,8,10,10
11.74,8,10,10
11.75,8,10,10
11.75000000000003,8,10,10
11.75000000000003,8,10,10
11.76,8,10,10
11.77,8,10,10
11.78,8,10,10
11.79,8,10,10
11.8,8,10,10
11.80000000000003,8,10,10
11.80000000000003,8,10,10
11.81,8,10,10
11.82,8,10,10
11.83,8,10,10
11.84,8,10,10
11.85,8,10,10
11.85000000000003,8,10,10
11.85000000000003,8,10,10
11.86,8,10,10
11.87,8,10,10
11.88,8,10,10
11.89,8,10,10
11.9,8,10,10
11.90000000000003,8,10,10
11.90000000000003,8,10,10
11.91,8,10,10
11.92,8,10,10
11.93,8,10,10
11.94,8,10,10
11.95,8,10,10
11.95000000000003,8,10,10
11.95000000000003,8,10,10
11.96,8,10,10
11.97,8,10,10
11.98,8,10,10
11.99,8,10,10
12,8,10,10
12,9,10,10
12.00000000000004,9,10,10
12.00000000000004,9,10,10
12.01,9,10,10
12.02,9,10,10
12.03,9,10,10
12.04,9,10,10
12.05,9,10,10
12.05000000000004,9,10,10
12.05000000000004,9,10,10
12.06,9,10,10
12.07,9,10,10
12.08,9,10,10
12.09,9,10,10
12.09000000000128,9,10,10
12.09000000000128,9,11,11
12.09000000131169,9,11,11
12.09000000131169,9,11,11
12.1,9,11,11
12.10000000000004,9,11,11
12.10000000000004,9,11,11
12.11,9,11,11
12.12,9,11,11
12.13,9,11,11
12.14,9,11,11
12.15,9,11,11
12.15000000000004,9,11,11
12.15000000000004,9,11,11
12.16,9,11,11
12.17,9,11,11
12.18,9,11,11
12.19,9,11,11
12.2,9,11,11
12.20000000000004,9,11,11
12.20000000000004,9,11,11
12.21,9,11,11
12.22,9,11,11
12.23,9,11,11
12.24,9,11,11
12.25,9,11,11
12.25000000000004,9,11,11
12.25000000000004,9,11,11
12.26,9,11,11
12.27,9,11,11
12.28,9,11,11
12.29,9,11,11
12.3,9,11,11
12.30000000000004,9,11,11
12.30000000000004,9,11,11
12.31,9,11,11
12.32,9,11,11
12.33,9,11,11
12.34,9,11,11
12.35,9,11,11
12.35000000000004,9,11,11
12.35000000000004,9,11,11
12.36,9,11,11
12.37,9,11,11
12.38,9,11,11
12.39,9,11,11
12.4,9,11,11
12.40000000000004,9,11,11
12.40000000000004,9,11,11
12.41,9,11,11
12.42,9,11,11
12.43,9,11,11
12.44,9,11,11
12.45,9,11,11
12.45000000000004,9,11,11
12.45000000000004,9,11,11
12.46,9,11,11
12.47,9,11,11
12.48,9,11,11
12.49,9,11,11
12.5,9,11,11
12.50000000000004,9,11,11
12.50000000000004,9,11,11
12.51,9,11,11
12.52,9,11,11
12.53,9,11,11
12.54,9,11,11
12.55,9,11,11
12.55000000000004,9,11,11
12.55000000000004,9,11,11
12.56,9,11,11
12.57,9,11,11
12.58,9,11,11
12.59,9,11,11
12.6,9,11,11
12.60000000000004,9,11,11
12.60000000000004,9,11,11
12.61,9,11,11
12.62,9,11,11
12.63,9,11,11
12.64,9,11,11
12.65,9,11,11
12.65000000000004,9,11,11
12.65000000000004,9,11,11
12.66,9,11,11
12.67,9,11,11
12.68,9,11,11
12.69,9,11,11
12.7,9,11,11
12.70000000000005,9,11,11
12.70000000000005,9,11,11
12.71,9,11,11
12.72,9,11,11
12.73,9,11,11
12.74,9,11,11
12.75,9,11,11
12.75000000000005,9,11,11
12.75000000000005,9,11,11
12.76,9,11,11
12.77,9,11,11
12.78,9,11,11
12.79,9,11,11
12.8,9,11,11
12.80000000000005,9,11,11
12.80000000000005,9,11,11
12.81,9,11,11
12.82,9,11,11
12.83,9,11,11
12.84,9,11,11
12.85,9,11,11
12.85000000000005,9,11,11
12.85000000000005,9,11,11
12.86,9,11,11
12.87,9,11,11
12.88,9,11,11
12.89,9,11,11
12.9,9,11,11
12.90000000000005,9,11,11
12.90000000000005,9,11,11
12.91,9,11,11
12.92,9,11,11
12.93,9,11,11
12.94,9,11,11
12.95,9,11,11
12.95000000000005,9,11,11
12.95000000000005,9,11,11
12.96,9,11,11
12.97,9,11,11
12.98,9,11,11
12.99,9,11,11
13,9,11,11
13,9,11,11
13.00000000000005,9,11,11
13.00000000000005,9,11,11
13.01,9,11,11
13.02,9,11,11
13.03,9,11,11
13.04,9,11,11
13.05,9,11,11
13.05000000000005,9,11,11
13.05000000000005,9,11,11
13.06,9,11,11
13.07,9,11,11
13.08,9,11,11
13.09,9,11,11
13.1,9,11,11
13.10000000000005,9,11,11
13.10000000000005,9,11,11
13.11,9,11,11
13.12,9,11,11
13.13,9,11,11
13.14,9,11,11
13.15,9,11,11
13.15000000000005,9,11,11
13.15000000000005,9,11,11
13.16,9,11,11
13.17,9,11,11
13.18,9,11,11
13.19,9,11,11
13.2,9,11,11
13.20000000000005,9,11,11
13.20000000000005,9,11,11
13.21,9,11,11
13.22,9,11,11
13.23,9,11,11
13.24,9,11,11
13.25,9,11,11
13.25000000000005,9,11,11
13.25000000000005,9,11,11
13.26,9,11,11
13.27,9,11,11
13.28,9,11,11
13.29,9,11,11
13.3,9,11,11
13.30000000000005,9,11,11
13.30000000000005,9,11,11
13.31,9,11,11
13.32,9,11,11
13.33,9,11,11
13.34,9,11,11
13.35,9,11,11
13.35000000000005,9,11,11
13.35000000000005,9,11,11
13.36,9,11,11
13.37,9,11,11
13.38,9,11,11
13.39,9,11,11
13.4,9,11,11
13.40000000000006,9,11,11
13.40000000000006,9,11,11
13.41,9,11,11
13.42,9,11,11
13.43,9,11,11
13.44,9,11,11
13.45,9,11,11
13.45000000000006,9,11,11
13.45000000000006,9,11,11
13.46,9,11,11
13.47,9,11,11
13.48,9,11,11
13.49,9,11,11
13.5,9,11,11
13.50000000000006,9,11,11
13.50000000000006,9,11,11
13.51,9,11,11
13.52,9,11,11
13.53,9,11,11
13.54,9,11,11
13.55,9,11,11
13.55000000000006,9,11,11
13.55000000000006,9,11,11
13.56,9,11,11
13.57,9,11,11
13.58,9,11,11
13.59,9,11,11
13.6,9,11,11
13.60000000000006,9,11,11
13.60000000000006,9,11,11
13.61,9,11,11
13.62,9,11,11
13.63,9,11,11
13.64,9,11,11
13.65,9,11,11
13.65000000000006,9,11,11
13.65000000000006,9,11,11
13.66,9,11,11
13.67,9,11,11
13.68,9,11,11
13.69,9,11,11
13.7,9,11,11
13.70000000000006,9,11,11
13.70000000000006,9,11,11
13.71,9,11,11
13.72,9,11,11
13.73,9,11,11
13.74,9,11,11
13.75,9,11,11
13.75000000000006,9,11,11
13.75000000000006,9,11,11
13.76,9,11,11
13.77,9,11,11
13.78,9,11,11
13.79,9,11,11
13.8,9,11,11
13.80000000000006,9,11,11
13.80000000000006,9,11,11
13.81,9,11,11
13.82,9,11,11
13.83,9,11,11
13.84,9,11,11
13.85,9,11,11
13.85000000000006,9,11,11
13.85000000000006,9,11,11
13.86,9,11,11
13.87,9,11,11
13.88,9,11,11
13.89,9,11,11
13.9,9,11,11
13.90000000000006,9,11,11
13.90000000000006,9,11,11
13.91,9,11,11
13.92,9,11,11
13.93,9,11,11
13.94,9,11,11
13.95,9,11,11
13.95000000000006,9,11,11
13.95000000000006,9,11,11
13.96,9,11,11
13.97,9,11,11
13.98,9,11,11
13.99,9,11,11
14,9,11,11
14,9,11,11
14.00000000000006,9,11,11
14.00000000000006,9,11,11
14.01,9,11,11
14.02,9,11,11
14.03,9,11,11
14.04,9,11,11
14.05,9,11,11
14.05000000000006,9,11,11
14.05000000000006,9,11,11
14.06,9,11,11
14.07,9,11,11
14.08,9,11,11
14.09,9,11,11
14.1,9,11,11
14.10000000000007,9,11,11
14.10000000000007,9,11,11
14.11,9,11,11
14.12,9,11,11
14.13,9,11,11
14.14,9,11,11
14.15,9,11,11
14.15000000000007,9,11,11
14.15000000000007,9,11,11
14.16,9,11,11
14.17,9,11,11
14.18,9,11,11
14.19,9,11,11
14.2,9,11,11
14.20000000000007,9,11,11
14.20000000000007,9,11,11
14.21,9,11,11
14.22,9,11,11
14.23,9,11,11
14.24,9,11,11
14.25,9,11,11
14.25000000000007,9,11,11
14.25000000000007,9,11,11
14.26,9,11,11
14.27,9,11,11
14.28,9,11,11
14.29,9,11,11
14.3,9,11,11
14.30000000000007,9,11,11
14.30000000000007,9,11,11
14.31,9,11,11
14.32,9,11,11
14.33,9,11,11
14.34,9,11,11
14.35,9,11,11
14.35000000000007,9,11,11
14.35000000000007,9,11,11
14.36,9,11,11
14.37,9,11,11
14.38,9,11,11
14.39,9,11,11
14.4,9,11,11
14.40000000000007,9,11,11
14.40000000000007,9,11,11
14.41,9,11,11
14.42,9,11,11
14.43,9,11,11
14.44,9,11,11
14.45,9,11,11
14.45000000000007,9,11,11
14.45000000000007,9,11,11
14.46,9,11,11
14.47,9,11,11
14.48,9,11,11
14.49,9,11,11
14.5,9,11,11
14.50000000000007,9,11,11
14.50000000000007,9,11,11
14.51,9,11,11
14.52,9,11,11
14.53,9,11,11
14.54,9,11,11
14.55,9,11,11
14.55000000000007,9,11,11
14.55000000000007,9,11,11
14.56,9,11,11
14.57,9,11,11
14.58,9,11,11
14.59,9,11,11
14.6,9,11,11
14.60000000000007,9,11,11
14.60000000000007,9,11,11
14.61,9,11,11
14.62,9,11,11
14.63,9,11,11
14.64,9,11,11
14.65,9,11,11
14.65000000000007,9,11,11
14.65000000000007,9,11,11
14.66,9,11,11
14.67,9,11,11
14.68,9,11,11
14.69,9,11,11
14.7,9,11,11
14.70000000000007,9,11,11
14.70000000000007,9,11,11
14.71,9,11,11
14.72,9,11,11
14.73,9,11,11
14.74,9,11,11
14.75,9,11,11
14.75000000000007,9,11,11
14.75000000000007,9,11,11
14.76,9,11,11
14.77,9,11,11
14.78,9,11,11
14.79,9,11,11
14.8,9,11,11
14.80000000000008,9,11,11
14.80000000000008,9,11,11
14.81,9,11,11
14.82,9,11,11
14.83,9,11,11
14.84,9,11,11
14.85,9,11,11
14.85000000000008,9,11,11
14.85000000000008,9,11,11
14.86,9,11,11
14.87,9,11,11
14.88,9,11,11
14.89,9,11,11
14.9,9,11,11
14.90000000000008,9,11,11
14.90000000000008,9,11,11
14.91,9,11,11
14.92,9,11,11
14.93,9,11,11
14.94,9,11,11
14.95,9,11,11
14.95000000000008,9,11,11
14.95000000000008,9,11,11
14.96,9,11,11
14.97,9,11,11
14.98,9,11,11
14.99,9,11,11
15,9,11,11
15,10,11,11
15.00000000000008,10,11,11
15.00000000000008,10,11,11
15.00000000160014,10,11,11
15.00000000160014,10,11,11
15.01,10,11,11
15.02,10,11,11
15.03,10,11,11
15.04,10,11,11
15.05,10,11,11
15.05000000000008,10,11,11
15.05000000000008,11,11,11
15.06,11,11,11
15.07,11,11,11
15.08,11,11,11
15.09,11,11,11
15.09000000000128,11,11,11
15.09000000000128,11,12,12
15.09000000161167,11,12,12
15.09000000161167,11,12,12
15.1,11,12,12
15.10000000000008,11,12,12
15.10000000000008,12,13,12
15.11,12,13,12
15.12,12,13,12
15.13,12,13,12
15.14,12,13,12
15.15,12,13,12
15.15000000000008,12,13,12
15.15000000000008,13,13,12
15.16,13,13,12
15.17,13,13,12
15.18,13,13,12
15.19,13,13,12
15.2,13,13,12
15.20000000000008,13,13,12
15.20000000000008,14,13,12
15.21,14,13,12
15.22,14,13,12
15.23,14,13,12
15.24,14,13,12
15.25,14,13,12
15.25000000000008,14,13,12
15.25000000000008,15,13,12
15.26,15,13,12
15.27,15,13,12
15.28,15,13,12
15.29,15,13,12
15.3,15,13,12
15.30000000000008,15,13,12
15.30000000000008,16,13,12
15.31,16,13,12
15.32,16,13,12
15.33,16,13,12
15.34,16,13,12
15.35,16,13,12
15.35000000000008,16,13,12
15.35000000000008,17,13,12
15.36,17,13,12
15.37,17,13,12
15.38,17,13,12
15.39,17,13,12
15.4,17,13,12
15.40000000000008,17,13,12
15.40000000000008,18,13,12
15.41,18,13,12
15.42,18,13,12
15.43,18,13,12
15.44,18,13,12
15.45,18,13,12
15.45000000000008,18,13,12
15.45000000000008,19,13,12
15.46,19,13,12
15.47,19,13,12
15.48,19,13,12
15.49,19,13,12
15.5,19,13,12
15.50000000000009,19,13,12
15.50000000000009,20,13,12
15.51,20,13,12
15.52,20,13,12
15.53,20,13,12
15.54,20,13,12
15.55,20,13,12
15.55000000000009,20,13,12
15.55000000000009,21,13,12
15.56,21,13,12
15.57,21,13,12
15.58,21,13,12
15.58509440677353,21,13,12
15.58509440677353,21,14,12
15.59,21,14,12
15.59509440843155,21,14,12
15.59509440843155,21,14,12
15.6,21,14,12
15.60000000000009,21,14,12
15.60000000000009,22,14,12
15.61,22,14,12
15.62,22,14,12
15.63,22,14,12
15.64,22,14,12
15.64009440677497,22,14,12
15.64009440677497,22,15,13
15.65,22,15,13
15.65000000000009,22,15,13
15.65000000000009,23,15,13
15.66,23,15,13
15.67,23,15,13
15.68,23,15,13
15.69,23,15,13
15.69009440677497,23,15,13
15.69009440677497,23,16,14
15.7,23,16,14
15.70000000000009,23,16,14
15.70000000000009,24,16,14
15.71,24,16,14
15.72,24,16,14
15.73,24,16,14
15.74,24,16,14
15.74009440677497,24,16,14
15.74009440677497,24,17,15
15.75,24,17,15
15.75000000000009,24,17,15
15.75000000000009,25,17,15
15.76,25,17,15
15.77,25,17,15
15.78,25,17,15
15.79,25,17,15
15.79009440677497,25,17,15
15.79009440677497,25,18,16
15.8,25,18,16
15.80000000000009,25,18,16
15.80000000000009,26,18,16
15.81,26,18,16
15.82,26,18,16
15.83,26,18,16
15.84,26,18,16
15.84009440677497,26,18,16
15.84009440677497,26,19,17
15.85,26,19,17
15.85000000000009,26,19,17
15.85000000000009,27,19,17
15.86,27,19,17
15.87,27,19,17
15.88,27,19,17
15.89,27,19,17
15.89009440677497,27,19,17
15.89009440677497,27,20,18
15.9,27,20,18
15.90000000000009,27,20,18
15.90000000000009,28,20,18
15.90221857082519,28,20,18
15.90221857082519,28,20,18
15.91,28,20,18
15.92,28,20,18
15.93,28,20,18
15.94,28,20,18
15.94009440677502,28,20,18
15.94009440677502,28,21,19
15.95,28,21,19
15.95000000000009,28,21,19
15.95000000000009,29,21,19
15.96,29,21,19
15.97,29,21,19
15.98,29,21,19
15.99,29,21,19
15.99009440677497,29,21,19
15.99009440677497,29,22,20
16,29,22,20
16,29,22,20
16.00000000000009,29,22,20
16.00000000000009,30,22,20
16.01,30,22,20
16.02,30,22,20
16.03,30,22,20
16.04,30,22,20
16.04009440677498,30,22,20
16.04009440677498,30,23,21
16.05,30,23,21
16.05000000000009,30,23,21
16.05000000000009,31,23,21
16.06,31,23,21
16.07,31,23,21
16.08,31,23,21
16.09,31,23,21
16.09009440677497,31,23,21
16.09009440677497,31,24,22
16.1,31,24,22
16.10000000000009,31,24,22
16.10000000000009,32,24,22
16.11,32,24,22
16.12,32,24,22
16.13,32,24,22
16.14,32,24,22
16.14009440677498,32,24,22
16.14009440677498,32,25,23
16.15,32,25,23
16.15000000000009,32,25,23
16.15000000000009,33,25,23
16.16,33,25,23
16.17,33,25,23
16.18,33,25,23
16.19,33,25,23
16.19009440677497,33,25,23
16.19009440677497,33,26,24
16.2,33,26,24
16.2000000000001,33,26,24
16.2000000000001,34,26,24
16.21,34,26,24
16.22,34,26,24
16.23,34,26,24
16.24,34,26,24
16.24009440677497,34,26,24
16.24009440677497,34,27,25
16.25,34,27,25
16.2500000000001,34,27,25
16.2500000000001,35,27,25
16.26,35,27,25
16.27,35,27,25
16.28,35,27,25
16.29,35,27,25
16.29009440677498,35,27,25
16.29009440677498,35,28,26
16.3,35,28,26
16.3000000000001,35,28,26
16.3000000000001,36,28,26
16.31,36,28,26
16.32,36,28,26
16.33,36,28,26
16.34,36,28,26
16.34009440677497,36,28,26
16.34009440677497,36,29,27
16.35,36,29,27
16.3500000000001,36,29,27
16.3500000000001,37,29,27
16.36,37,29,27
16.37,37,29,27
16.38,37,29,27
16.39,37,29,27
16.39009440677497,37,29,27
16.39009440677497,37,30,28
16.4,37,30,28
16.4000000000001,37,30,28
16.4000000000001,38,30,28
16.41,38,30,28
16.42,38,30,28
16.43,38,30,28
16.44,38,30,28
16.44009440677497,38,30,28
16.44009440677497,38,31,29
16.45,38,31,29
16.4500000000001,38,31,29
16.4500000000001,39,31,29
16.46,39,31,29
16.47,39,31,29
16.48,39,31,29
16.48620369218646,39,31,29
16.48620369218646,39,32,30
16.49,39,32,30
16.5,39,32,30
16.5000000000001,39,32,30
16.5000000000001,40,32,30
16.51,40,32,30
16.52,40,32,30
16.53,40,32,30
16.54,40,32,30
16.54009440677497,40,32,30
16.54009440677497,40,33,31
16.54518125935655,40,33,31
16.54518125935655,40,33,31
16.55,40,33,31
16.5500000000001,40,33,31
16.5500000000001,41,33,31
16.56,41,33,31
16.57,41,33,31
16.58,41,33,31
16.59,41,33,31
16.59009440677497,41,33,31
16.59009440677497,41,34,32
16.6,41,34,32
16.6000000000001,41,34,32
16.6000000000001,42,34,32
16.61,42,34,32
16.62,42,34,32
16.63,42,34,32
16.64,42,34,32
16.64009440677497,42,34,32
16.64009440677497,42,35,33
16.65,42,35,33
16.6500000000001,42,35,33
16.6500000000001,43,35,33
16.66,43,35,33
16.67,43,35,33
16.68,43,35,33
16.69,43,35,33
16.69009440677497,43,35,33
16.69009440677497,43,36,34
16.7,43,36,34
16.7000000000001,43,36,34
16.7000000000001,44,36,34
16.71,44,36,34
16.72,44,36,34
16.73,44,36,34
16.74,44,36,34
16.74009440677497,44,36,34
16.74009440677497,44,37,35
16.75,44,37,35
16.7500000000001,44,37,35
16.7500000000001,45,37,35
16.76,45,37,35
16.77,45,37,35
16.78,45,37,35
16.79,45,37,35
16.79009440677497,45,37,35
16.79009440677497,45,38,36
16.8,45,38,36
16.8000000000001,45,38,36
16.8000000000001,46,38,36
16.81,46,38,36
16.82,46,38,36
16.83,46,38,36
16.84,46,38,36
16.84009440677515,46,38,36
16.84009440677515,46,39,37
16.85,46,39,37
16.8500000000001,46,39,37
16.8500000000001,47,39,37
16.86,47,39,37
16.87,47,39,37
16.88,47,39,37
16.89,47,39,37
16.89009440677497,47,39,37
16.89009440677497,47,40,38
16.9,47,40,38
16.90000000000011,47,40,38
16.90000000000011,48,40,38
16.91,48,40,38
16.92,48,40,38
16.93,48,40,38
16.94,48,40,38
16.94009440677497,48,40,38
16.94009440677497,48,41,39
16.95,48,41,39
16.95000000000011,48,41,39
16.95000000000011,49,41,39
16.96,49,41,39
16.97,49,41,39
16.98,49,41,39
16.99,49,41,39
16.99009440677515,49,41,39
16.99009440677515,49,42,40
17,49,42,40
17,49,42,40
17.00000000000011,49,42,40
17.00000000000011,50,42,40
17.01,50,42,40
17.02,50,42,40
17.03,50,42,40
17.04,50,42,40
17.04009440677497,50,42,40
17.04009440677497,50,43,41
17.05,50,43,41
17.05000000000011,50,43,41
17.05000000000011,51,43,41
17.06,51,43,41
17.07,51,43,41
17.08,51,43,41
17.09,51,43,41
17.09009440677515,51,43,41
17.09009440677515,51,44,42
17.1,51,44,42
17.10000000000011,51,44,42
17.10000000000011,52,44,42
17.11,52,44,42
17.12,52,44,42
17.13,52,44,42
17.14,52,44,42
17.14009440677497,52,44,42
17.14009440677497,52,45,43
17.15,52,45,43
17.15000000000011,52,45,43
17.15000000000011,53,45,43
17.16,53,45,43
17.17,53,45,43
17.18,53,45,43
17.19,53,45,43
17.19009440677535,53,45,43
17.19009440677535,53,46,44
17.2,53,46,44
17.20000000000011,53,46,44
17.20000000000011,54,46,44
17.21,54,46,44
17.22,54,46,44
17.23,54,46,44
17.24,54,46,44
17.24009440677534,54,46,44
17.24009440677534,54,47,45
17.25,54,47,45
17.25000000000011,54,47,45
17.25000000000011,55,47,45
17.26,55,47,45
17.27,55,47,45
17.28,55,47,45
17.29,55,47,45
17.29009440677535,55,47,45
17.29009440677535,55,48,46
17.3,55,48,46
17.30000000000011,55,48,46
17.30000000000011,56,48,46
17.31,56,48,46
17.32,56,48,46
17.33,56,48,46
17.34,56,48,46
17.34009440677535,56,48,46
17.34009440677535,56,49,47
17.35,56,49,47
17.35000000000011,56,49,47
17.35000000000011,57,49,47
17.36,57,49,47
17.37,57,49,47
17.38,57,49,47
17.38656836166108,57,49,47
17.38656836166108,57,49,47
17.39,57,49,47
17.39009440677508,57,49,47
17.39009440677508,57,50,48
17.4,57,50,48
17.40000000000011,57,50,48
17.40000000000011,58,50,48
17.41,58,50,48
17.42,58,50,48
17.43,58,50,48
17.44,58,50,48
17.44009440677534,58,50,48
17.44009440677534,58,51,49
17.45,58,51,49
17.45000000000011,58,51,49
17.45000000000011,59,51,49
17.46,59,51,49
17.47,59,51,49
17.48,59,51,49
17.49,59,51,49
17.49009440677534,59,51,49
17.49009440677534,59,52,50
17.5,59,52,50
17.50000000000011,59,52,50
17.50000000000011,60,52,50
17.51,60,52,50
17.52,60,52,50
17.53,60,52,50
17.54,60,52,50
17.54009440677535,60,52,50
17.54009440677535,60,53,51
17.55,60,53,51
17.55000000000011,60,53,51
17.55000000000011,61,53,51
17.56,61,53,51
17.57,61,53,51
17.58,61,53,51
17.59,61,53,51
17.59009440677534,61,53,51
17.59009440677534,61,54,52
17.6,61,54,52
17.60000000000012,61,54,52
17.60000000000012,62,54,52
17.61,62,54,52
17.62,62,54,52
17.63,62,54,52
17.64,62,54,52
17.64009440677535,62,54,52
17.64009440677535,62,55,53
17.65,62,55,53
17.65000000000012,62,55,53
17.65000000000012,63,55,53
17.66,63,55,53
17.67,63,55,53
17.68,63,55,53
17.69,63,55,53
17.69009440677534,63,55,53
17.69009440677534,63,56,54
17.7,63,56,54
17.70000000000012,63,56,54
17.70000000000012,64,56,54
17.71,64,56,54
17.72,64,56,54
17.73,64,56,54
17.74,64,56,54
17.74009440677534,64,56,54
17.74009440677534,64,57,55
17.75,64,57,55
17.75000000000012,64,57,55
17.75000000000012,65,57,55
17.76,65,57,55
17.77,65,57,55
17.78,65,57,55
17.79,65,57,55
17.79009440677535,65,57,55
17.79009440677535,65,58,56
17.8,65,58,56
17.80000000000012,65,58,56
17.80000000000012,66,58,56
17.81,66,58,56
17.82,66,58,56
17.83,66,58,56
17.84,66,58,56
17.84009440677534,66,58,56
17.84009440677534,66,59,57
17.85,66,59,57
17.85000000000012,66,59,57
17.85000000000012,67,59,57
17.86,67,59,57
17.87,67,59,57
17.88,67,59,57
17.89,67,59,57
17.89009440677534,67,59,57
17.89009440677534,67,60,58
17.9,67,60,58
17.90000000000012,67,60,58
17.90000000000012,68,60,58
17.91,68,60,58
17.92,68,60,58
17.93,68,60,58
17.94,68,60,58
17.94009440677534,68,60,58
17.94009440677534,68,61,59
17.95,68,61,59
17.95000000000012,68,61,59
17.95000000000012,69,61,59
17.96,69,61,59
17.97,69,61,59
17.98,69,61,59
17.99,69,61,59
17.99009440677534,69,61,59
17.99009440677534,69,62,60
18,69,62,60
18,69,62,60
18.00000000000012,69,62,60
18.00000000000012,70,62,60
18.01,70,62,60
18.02,70,62,60
18.03,70,62,60
18.04,70,62,60
18.04009440677534,70,62,60
18.04009440677534,70,63,61
18.05,70,63,61
18.05000000000012,70,63,61
18.05000000000012,71,63,61
18.06,71,63,61
18.07,71,63,61
18.08,71,63,61
18.09,71,63,61
18.09009440677534,71,63,61
18.09009440677534,71,64,62
18.1,71,64,62
18.10000000000012,71,64,62
18.10000000000012,72,64,62
18.11,72,64,62
18.12,72,64,62
18.13,72,64,62
18.14,72,64,62
18.14009440677534,72,64,62
18.14009440677534,72,65,63
18.15,72,65,63
18.15000000000012,72,65,63
18.15000000000012,73,65,63
18.16,73,65,63
18.17,73,65,63
18.18,73,65,63
18.18034268510259,73,65,63
18.18034268510259,73,65,63
18.19,73,65,63
18.19009440677537,73,65,63
18.19009440677537,73,66,64
18.2,73,66,64
18.20000000000012,73,66,64
18.20000000000012,74,66,64
18.21,74,66,64
18.22,74,66,64
18.23,74,66,64
18.24,74,66,64
18.24009440677534,74,66,64
18.24009440677534,74,67,65
18.25,74,67,65
18.25000000000012,74,67,65
18.25000000000012,75,67,65
18.26,75,67,65
18.27,75,67,65
18.28,75,67,65
18.29,75,67,65
18.29009440677534,75,67,65
18.29009440677534,75,68,66
18.3,75,68,66
18.30000000000013,75,68,66
18.30000000000013,76,68,66
18.31,76,68,66
18.32,76,68,66
18.33,76,68,66
18.34,76,68,66
18.34009440677534,76,68,66
18.34009440677534,76,69,67
18.35,76,69,67
18.35000000000013,76,69,67
18.35000000000013,77,69,67
18.36,77,69,67
18.37,77,69,67
18.38,77,69,67
18.39,77,69,67
18.39009440677534,77,69,67
18.39009440677534,77,70,68
18.4,77,70,68
18.40000000000013,77,70,68
18.40000000000013,78,70,68
18.41,78,70,68
18.42,78,70,68
18.43,78,70,68
18.44,78,70,68
18.44009440677534,78,70,68
18.44009440677534,78,71,69
18.45,78,71,69
18.45000000000013,78,71,69
18.45000000000013,79,71,69
18.46,79,71,69
18.47,79,71,69
18.48,79,71,69
18.49,79,71,69
18.49009440677534,79,71,69
18.49009440677534,79,72,70
18.5,79,72,70
18.50000000000013,79,72,70
18.50000000000013,80,72,70
18.51,80,72,70
18.52,80,72,70
18.53,80,72,70
18.54,80,72,70
18.54009440677534,80,72,70
18.54009440677534,80,73,71
18.55,80,73,71
18.55000000000013,80,73,71
18.55000000000013,81,73,71
18.56,81,73,71
18.57,81,73,71
18.58,81,73,71
18.59,81,73,71
18.59009440677534,81,73,71
18.59009440677534,81,74,72
18.6,81,74,72
18.60000000000013,81,74,72
18.60000000000013,82,74,72
18.61,82,74,72
18.62,82,74,72
18.63,82,74,72
18.64,82,74,72
18.64009440677534,82,74,72
18.64009440677534,82,75,73
18.65,82,75,73
18.65000000000013,82,75,73
18.65000000000013,83,75,73
18.66,83,75,73
18.67,83,75,73
18.68,83,75,73
18.69,83,75,73
18.69009440677534,83,75,73
18.69009440677534,83,76,74
18.7,83,76,74
18.70000000000013,83,76,74
18.70000000000013,84,76,74
18.71,84,76,74
18.72,84,76,74
18.73,84,76,74
18.74,84,76,74
18.74009440677533,84,76,74
18.74009440677533,84,77,75
18.75,84,77,75
18.75000000000013,84,77,75
18.75000000000013,85,77,75
18.76,85,77,75
18.77,85,77,75
18.78,85,77,75
18.79,85,77,75
18.79009440677533,85,77,75
18.79009440677533,85,78,76
18.8,85,78,76
18.80000000000013,85,78,76
18.80000000000013,86,78,76
18.81,86,78,76
18.82,86,78,76
18.83,86,78,76
18.84,86,78,76
18.84009440677533,86,78,76
18.84009440677533,86,79,77
18.85,86,79,77
18.85000000000013,86,79,77
18.85000000000013,87,79,77
18.86,87,79,77
18.87,87,79,77
18.88,87,79,77
18.89,87,79,77
18.89009440677533,87,79,77
18.89009440677533,87,80,78
18.9,87,80,78
18.90000000000013,87,80,78
18.90000000000013,88,80,78
18.91,88,80,78
18.92,88,80,78
18.93,88,80,78
18.94,88,80,78
18.94009440677533,88,80,78
18.94009440677533,88,81,79
18.94235641414851,88,81,79
18.94235641414851,88,81,79
18.95,88,81,79
18.95000000000013,88,81,79
18.95000000000013,89,81,79
18.96,89,81,79
18.97,89,81,79
18.98,89,81,79
18.99,89,81,79
18.99009440677533,89,81,79
18.99009440677533,89,82,80
19,89,82,80
19,89,82,80
19.00000000000014,89,82,80
19.00000000000014,90,82,80
19.01,90,82,80
19.02,90,82,80
19.03,90,82,80
19.04,90,82,80
19.04009440677533,90,82,80
19.04009440677533,90,83,81
19.05,90,83,81
19.05000000000014,90,83,81
19.05000000000014,91,83,81
19.06,91,83,81
19.07,91,83,81
19.08,91,83,81
19.09,91,83,81
19.09009440677533,91,83,81
19.09009440677533,91,84,82
19.1,91,84,82
19.10000000000014,91,84,82
19.10000000000014,92,84,82
19.11,92,84,82
19.12,92,84,82
19.13,92,84,82
19.14,92,84,82
19.14009440677533,92,84,82
19.14009440677533,92,85,83
19.15,92,85,83
19.15000000000014,92,85,83
19.15000000000014,93,85,83
19.16,93,85,83
19.17,93,85,83
19.18,93,85,83
19.19,93,85,83
19.19009440677533,93,85,83
19.19009440677533,93,86,84
19.2,93,86,84
19.20000000000014,93,86,84
19.20000000000014,94,86,84
19.21,94,86,84
19.22,94,86,84
19.23,94,86,84
19.24,94,86,84
19.24009440677533,94,86,84
19.24009440677533,94,87,85
19.25,94,87,85
19.25000000000014,94,87,85
19.25000000000014,95,87,85
19.26,95,87,85
19.27,95,87,85
19.28,95,87,85
19.29,95,87,85
19.29009440677533,95,87,85
19.29009440677533,95,88,86
19.3,95,88,86
19.30000000000014,95,88,86
19.30000000000014,96,88,86
19.31,96,88,86
19.32,96,88,86
19.33,96,88,86
19.34,96,88,86
19.34009440677533,96,88,86
19.34009440677533,96,89,87
19.35,96,89,87
19.35000000000014,96,89,87
19.35000000000014,97,89,87
19.36,97,89,87
19.37,97,89,87
19.38,97,89,87
19.39,97,89,87
19.39009440677533,97,89,87
19.39009440677533,97,90,88
19.4,97,90,88
19.40000000000014,97,90,88
19.40000000000014,98,90,88
19.41,98,90,88
19.42,98,90,88
19.43,98,90,88
19.44,98,90,88
19.44009440677533,98,90,88
19.44009440677533,98,91,89
19.45,98,91,89
19.45000000000014,98,91,89
19.45000000000014,99,91,89
19.46,99,91,89
19.47,99,91,89
19.48,99,91,89
19.49,99,91,89
19.49009440677533,99,91,89
19.49009440677533,99,92,90
19.5,99,92,90
19.50000000000014,99,92,90
19.50000000000014,100,92,90
19.51,100,92,90
19.52,100,92,90
19.53,100,92,90
19.54,100,92,90
19.54009440677532,100,92,90
19.54009440677532,100,93,91
19.55,100,93,91
19.55000000000014,100,93,91
19.55000000000014,101,93,91
19.56,101,93,91
19.57,101,93,91
19.58,101,93,91
19.59,101,93,91
19.59009440677533,101,93,91
19.59009440677533,101,94,92
19.6,101,94,92
19.60000000000014,101,94,92
19.60000000000014,102,94,92
19.61,102,94,92
19.62,102,94,92
19.63,102,94,92
19.64,102,94,92
19.64009440677533,102,94,92
19.64009440677533,102,95,93
19.65,102,95,93
19.65000000000014,102,95,93
19.65000000000014,103,95,93
19.66,103,95,93
19.67,103,95,93
19.68,103,95,93
19.69,103,95,93
19.69009440677533,103,95,93
19.69009440677533,103,96,94
19.7,103,96,94
19.70000000000014,103,96,94
19.70000000000014,104,96,94
19.71,104,96,94
19.72,104,96,94
19.73,104,96,94
19.74,104,96,94
19.74009440677532,104,96,94
19.74009440677532,104,97,95
19.75,104,97,95
19.75000000000015,104,97,95
19.75000000000015,105,97,95
19.76,105,97,95
19.76764026052329,105,97,95
19.76764026052329,105,97,95
19.77,105,97,95
19.78,105,97,95
19.79,105,97,95
19.79009440677502,105,97,95
19.79009440677502,105,98,96
19.8,105,98,96
19.80000000000015,105,98,96
19.80000000000015,106,98,96
19.81,106,98,96
19.82,106,98,96
19.83,106,98,96
19.84,106,98,96
19.84009440677533,106,98,96
19.84009440677533,106,99,97
19.85,106,99,97
19.85000000000015,106,99,97
19.85000000000015,107,99,97
19.86,107,99,97
19.87,107,99,97
19.88,107,99,97
19.89,107,99,97
19.89009440677532,107,99,97
19.89009440677532,107,100,98
19.9,107,100,98
19.90000000000015,107,100,98
19.90000000000015,108,100,98
19.91,108,100,98
19.92,108,100,98
19.93,108,100,98
19.94,108,100,98
19.94009440677533,108,100,98
19.94009440677533,108,101,99
19.95,108,101,99
19.95000000000015,108,101,99
19.95000000000015,109,101,99
19.96,109,101,99
19.97,109,101,99
19.98,109,101,99
19.99,109,101,99
19.99009440677532,109,101,99
19.99009440677532,109,102,100
20,109,102,100
20,109,102,100
20.00000000000015,109,102,100
20.00000000000015,110,102,100
20.01,110,102,100
20.02,110,102,100
20.03,110,102,100
20.04,110,102,100
20.04009440677532,110,102,100
20.04009440677532,110,103,101
20.05,110,103,101
20.05000000000015,110,103,101
20.05000000000015,111,103,101
20.06,111,103,101
20.07,111,103,101
20.08,111,103,101
20.09,111,103,101
20.09009440677531,111,103,101
20.09009440677531,111,104,102
20.1,111,104,102
20.10000000000015,111,104,102
20.10000000000015,112,104,102
20.11,112,104,102
20.12,112,104,102
20.13,112,104,102
20.14,112,104,102
20.14009440677532,112,104,102
20.14009440677532,112,105,103
20.15,112,105,103
20.15000000000015,112,105,103
20.15000000000015,113,105,103
20.16,113,105,103
20.17,113,105,103
20.18,113,105,103
20.19,113,105,103
20.19009440677532,113,105,103
20.19009440677532,113,106,104
20.2,113,106,104
20.20000000000015,113,106,104
20.20000000000015,114,106,104
20.21,114,106,104
20.22,114,106,104
20.23,114,106,104
20.24,114,106,104
20.24009440677532,114,106,104
20.24009440677532,114,107,105
20.25,114,107,105
20.25000000000015,114,107,105
20.25000000000015,115,107,105
20.26,115,107,105
20.27,115,107,105
20.28,115,107,105
20.29,115,107,105
20.29009440677532,115,107,105
20.29009440677532,115,108,106
20.3,115,108,106
20.30000000000015,115,108,106
20.30000000000015,116,108,106
20.31,116,108,106
20.32,116,108,106
20.33,116,108,106
20.34,116,108,106
20.34009440677531,116,108,106
20.34009440677531,116,109,107
20.35,116,109,107
20.35000000000015,116,109,107
20.35000000000015,117,109,107
20.36,117,109,107
20.37,117,109,107
20.38,117,109,107
20.39,117,109,107
20.39009440677532,117,109,107
20.39009440677532,117,110,108
20.4,117,110,108
20.40000000000015,117,110,108
20.40000000000015,118,110,108
20.41,118,110,108
20.42,118,110,108
20.43,118,110,108
20.44,118,110,108
20.44009440677532,118,110,108
20.44009440677532,118,111,109
20.45,118,111,109
20.45000000000016,118,111,109
20.45000000000016,119,111,109
20.46,119,111,109
20.47,119,111,109
20.47121135785903,119,111,109
20.47121135785903,119,111,109
20.48,119,111,109
20.49,119,111,109
20.49009440677502,119,111,109
20.49009440677502,119,112,110
20.5,119,112,110
20.50000000000016,119,112,110
20.50000000000016,120,112,110
20.51,120,112,110
20.52,120,112,110
20.53,120,112,110
20.54,120,112,110
20.54009440677532,120,112,110
20.54009440677532,120,113,111
20.55,120,113,111
20.55000000000016,120,113,111
20.55000000000016,121,113,111
20.56,121,113,111
20.57,121,113,111
20.58,121,113,111
20.59,121,113,111
20.59009440677531,121,113,111
20.59009440677531,121,114,112
20.6,121,114,112
20.60000000000016,121,114,112
20.60000000000016,122,114,112
20.61,122,114,112
20.62,122,114,112
20.63,122,114,112
20.64,122,114,112
20.64009440677532,122,114,112
20.64009440677532,122,115,113
20.65,122,115,113
20.65000000000016,122,115,113
20.65000000000016,123,115,113
20.66,123,115,113
20.67,123,115,113
20.68,123,115,113
20.69,123,115,113
20.69009440677532,123,115,113
20.69009440677532,123,116,114
20.7,123,116,114
20.70000000000016,123,116,114
20.70000000000016,124,116,114
20.71,124,116,114
20.72,124,116,114
20.73,124,116,114
20.74,124,116,114
20.74009440677531,124,116,114
20.74009440677531,124,117,115
20.75,124,117,115
20.75000000000016,124,117,115
20.75000000000016,125,117,115
20.76,125,117,115
20.77,125,117,115
20.78,125,117,115
20.79,125,117,115
20.79009440677532,125,117,115
20.79009440677532,125,118,116
20.8,125,118,116
20.80000000000016,125,118,116
20.80000000000016,126,118,116
20.81,126,118,116
20.82,126,118,116
20.83,126,118,116
20.84,126,118,116
20.84009440677531,126,118,116
20.84009440677531,126,119,117
20.85,126,119,117
20.85000000000016,126,119,117
20.85000000000016,127,119,117
20.86,127,119,117
20.87,127,119,117
20.88,127,119,117
20.89,127,119,117
20.89009440677532,127,119,117
20.89009440677532,127,120,118
20.9,127,120,118
20.90000000000016,127,120,118
20.90000000000016,128,120,118
20.91,128,120,118
20.92,128,120,118
20.93,128,120,118
20.94,128,120,118
20.94009440677531,128,120,118
20.94009440677531,128,121,119
20.95,128,121,119
20.95000000000016,128,121,119
20.95000000000016,129,121,119
20.96,129,121,119
20.97,129,121,119
20.98,129,121,119
20.99,129,121,119
20.99009440677531,129,121,119
20.99009440677531,129,122,120
21,129,122,120
21,129,122,120
21.00000000000016,129,122,120
21.00000000000016,130,122,120
21.01,130,122,120
21.02,130,122,120
21.03,130,122,120
21.04,130,122,120
21.04009440677531,130,122,120
21.04009440677531,130,123,121
21.05,130,123,121
21.05000000000016,130,123,121
21.05000000000016,131,123,121
21.06,131,123,121
21.07,131,123,121
21.08,131,123,121
21.09,131,123,121
21.09009440677531,131,123,121
21.09009440677531,131,124,122
21.1,131,124,122
21.10000000000016,131,124,122
21.10000000000016,132,124,122
21.11,132,124,122
21.12,132,124,122
21.13,132,124,122
21.14,132,124,122
21.14009440677531,132,124,122
21.14009440677531,132,125,123
21.15,132,125,123
21.15000000000017,132,125,123
21.15000000000017,133,125,123
21.16,133,125,123
21.17,133,125,123
21.18,133,125,123
21.19,133,125,123
21.19009440677531,133,125,123
21.19009440677531,133,126,124
21.19038973028498,133,126,124
21.19038973028498,133,126,124
21.2,133,126,124
21.20000000000017,133,126,124
21.20000000000017,134,126,124
21.21,134,126,124
21.22,134,126,124
21.23,134,126,124
21.24,134,126,124
21.24009440677531,134,126,124
21.24009440677531,134,127,125
21.25,134,127,125
21.25000000000017,134,127,125
21.25000000000017,135,127,125
21.26,135,127,125
21.27,135,127,125
21.28,135,127,125
21.29,135,127,125
21.29009440677531,135,127,125
21.29009440677531,135,128,126
21.3,135,128,126
21.30000000000017,135,128,126
21.30000000000017,136,128,126
21.31,136,128,126
21.32,136,128,126
21.33,136,128,126
21.34,136,128,126
21.34009440677531,136,128,126
21.34009440677531,136,129,127
21.35,136,129,127
21.35000000000017,136,129,127
21.35000000000017,137,129,127
21.36,137,129,127
21.37,137,129,127
21.38,137,129,127
21.39,137,129,127
21.3900944067753,137,129,127
21.3900944067753,137,130,128
21.4,137,130,128
21.40000000000017,137,130,128
21.40000000000017,138,130,128
21.41,138,130,128
21.42,138,130,128
21.43,138,130,128
21.44,138,130,128
21.44009440677531,138,130,128
21.44009440677531,138,131,129
21.45,138,131,129
21.45000000000017,138,131,129
21.45000000000017,139,131,129
21.46,139,131,129
21.47,139,131,129
21.48,139,131,129
21.49,139,131,129
21.49009440677531,139,131,129
21.49009440677531,139,132,130
21.5,139,132,130
21.50000000000017,139,132,130
21.50000000000017,140,132,130
21.51,140,132,130
21.52,140,132,130
21.53,140,132,130
21.54,140,132,130
21.5400944067753,140,132,130
21.5400944067753,140,133,131
21.55,140,133,131
21.55000000000017,140,133,131
21.55000000000017,141,133,131
21.56,141,133,131
21.57,141,133,131
21.58,141,133,131
21.59,141,133,131
21.5900944067753,141,133,131
21.5900944067753,141,134,132
21.6,141,134,132
21.60000000000017,141,134,132
21.60000000000017,142,134,132
21.61,142,134,132
21.62,142,134,132
21.63,142,134,132
21.64,142,134,132
21.6400944067753,142,134,132
21.6400944067753,142,135,133
21.65,142,135,133
21.65000000000017,142,135,133
21.65000000000017,143,135,133
21.66,143,135,133
21.67,143,135,133
21.68,143,135,133
21.69,143,135,133
21.6900944067753,143,135,133
21.6900944067753,143,136,134
21.7,143,136,134
21.70000000000017,143,136,134
21.70000000000017,144,136,134
21.71,144,136,134
21.72,144,136,134
21.73,144,136,134
21.74,144,136,134
21.74009440677531,144,136,134
21.74009440677531,144,137,135
21.75,144,137,135
21.75000000000017,144,137,135
21.75000000000017,145,137,135
21.76,145,137,135
21.77,145,137,135
21.78,145,137,135
21.79,145,137,135
21.7900944067753,145,137,135
21.7900944067753,145,138,136
21.8,145,138,136
21.80000000000017,145,138,136
21.80000000000017,146,138,136
21.81,146,138,136
21.82,146,138,136
21.83,146,138,136
21.84,146,138,136
21.8400944067753,146,138,136
21.8400944067753,146,139,137
21.85,146,139,137
21.85000000000018,146,139,137
21.85000000000018,147,139,137
21.86,147,139,137
21.87,147,139,137
21.88,147,139,137
21.89,147,139,137
21.8900944067753,147,139,137
21.8900944067753,147,140,138
21.9,147,140,138
21.90000000000018,147,140,138
21.90000000000018,148,140,138
21.91,148,140,138
21.92,148,140,138
21.93,148,140,138
21.94,148,140,138
21.9400944067753,148,140,138
21.9400944067753,148,141,139
21.95,148,141,139
21.95000000000018,148,141,139
21.95000000000018,149,141,139
21.96,149,141,139
21.97,149,141,139
21.98,149,141,139
21.99,149,141,139
21.9900944067753,149,141,139
21.9900944067753,149,142,140
22,149,142,140
22,149,142,140
22.00000000000018,149,142,140
22.00000000000018,150,142,140
22.00000000230016,150,142,140
22.00000000230016,150,142,140
22.00474642867501,150,142,140
22.00474642867501,150,142,140
22.01,150,142,140
22.02,150,142,140
22.03,150,142,140
22.04,150,142,140
22.040094406775,150,142,140
22.040094406775,150,143,141
22.05,150,143,141
22.05000000000018,150,143,141
22.05000000000018,150,143,141
22.06,150,143,141
22.07,150,143,141
22.08,150,143,141
22.09,150,143,141
22.0900944067753,150,143,141
22.0900944067753,150,144,142
22.1,150,144,142
22.10000000000018,150,144,142
22.10000000000018,150,144,142
22.11,150,144,142
22.12,150,144,142
22.13,150,144,142
22.14,150,144,142
22.1400944067753,150,144,142
22.1400944067753,150,145,143
22.15,150,145,143
22.15000000000018,150,145,143
22.15000000000018,150,145,143
22.16,150,145,143
22.17,150,145,143
22.18,150,145,143
22.19,150,145,143
22.1900944067753,150,145,143
22.1900944067753,150,146,144
22.2,150,146,144
22.20000000000018,150,146,144
22.20000000000018,150,146,144
22.21,150,146,144
22.22,150,146,144
22.23,150,146,144
22.24,150,146,144
22.2400944067753,150,146,144
22.2400944067753,150,147,145
22.25,150,147,145
22.25000000000018,150,147,145
22.25000000000018,150,147,145
22.26,150,147,145
22.27,150,147,145
22.28,150,147,145
22.29,150,147,145
22.2900944067753,150,147,145
22.2900944067753,150,148,146
22.3,150,148,146
22.30000000000018,150,148,146
22.30000000000018,150,148,146
22.31,150,148,146
22.32,150,148,146
22.33,150,148,146
22.34,150,148,146
22.3400944067753,150,148,146
22.3400944067753,150,149,147
22.35,150,149,147
22.35000000000018,150,149,147
22.35000000000018,150,149,147
22.36,150,149,147
22.37,150,149,147
22.38,150,149,147
22.39,150,149,147
22.3900944067753,150,149,147
22.3900944067753,150,150,148
22.4,150,150,148
22.40000000000018,150,150,148
22.40000000000018,150,150,148
22.41,150,150,148
22.42,150,150,148
22.43,150,150,148
22.44,150,150,148
22.4400944067753,150,150,148
22.4400944067753,150,151,149
22.45,150,151,149
22.45000000000018,150,151,149
22.45000000000018,150,151,149
22.46,150,151,149
22.47,150,151,149
22.48,150,151,149
22.49,150,151,149
22.4900944067753,150,151,149
22.4900944067753,150,152,150
22.5,150,152,150
22.50000000000018,150,152,150
22.50000000000018,150,152,150
22.51,150,152,150
22.52,150,152,150
22.53,150,152,150
22.54,150,152,150
22.5400944067753,150,152,150
22.5400944067753,150,153,151
22.55,150,153,151
22.55000000000019,150,153,151
22.55000000000019,150,153,151
22.56,150,153,151
22.57,150,153,151
22.58,150,153,151
22.5850944079238,150,153,151
22.5850944079238,150,154,152
22.59,150,154,152
22.6,150,154,152
22.60000000000019,150,154,152
22.60000000000019,150,154,152
22.61,150,154,152
22.62,150,154,152
22.63,150,154,152
22.64,150,154,152
22.65,150,154,152
22.65000000000019,150,154,152
22.65000000000019,150,154,152
22.66,150,154,152
22.67,150,154,152
22.68,150,154,152
22.69,150,154,152
22.7,150,154,152
22.70000000000019,150,154,152
22.70000000000019,150,154,152
22.71,150,154,152
22.72,150,154,152
22.73,150,154,152
22.74,150,154,152
22.75,150,154,152
22.75000000000019,150,154,152
22.75000000000019,150,154,152
22.76,150,154,152
22.77,150,154,152
22.78,150,154,152
22.79,150,154,152
22.8,150,154,152
22.80000000000019,150,154,152
22.80000000000019,150,154,152
22.81,150,154,152
22.82,150,154,152
22.83,150,154,152
22.84,150,154,152
22.85,150,154,152
22.85000000000019,150,154,152
22.85000000000019,150,154,152
22.86,150,154,152
22.87,150,154,152
22.88,150,154,152
22.89,150,154,152
22.9,150,154,152
22.90000000000019,150,154,152
22.90000000000019,150,154,152
22.91,150,154,152
22.92,150,154,152
22.93,150,154,152
22.94,150,154,152
22.95,150,154,152
22.95000000000019,150,154,152
22.95000000000019,150,154,152
22.96,150,154,152
22.97,150,154,152
22.98,150,154,152
22.99,150,154,152
23,150,154,152
23,150,154,152
23.00000000000019,150,154,152
23.00000000000019,150,154,152
23.01,150,154,152
23.02,150,154,152
23.03,150,154,152
23.04,150,154,152
23.05,150,154,152
23.05000000000019,150,154,152
23.05000000000019,150,154,152
23.06,150,154,152
23.07,150,154,152
23.08,150,154,152
23.09,150,154,152
23.1,150,154,152
23.10000000000019,150,154,152
23.10000000000019,150,154,152
23.11,150,154,152
23.12,150,154,152
23.13,150,154,152
23.14,150,154,152
23.15,150,154,152
23.15000000000019,150,154,152
23.15000000000019,150,154,152
23.16,150,154,152
23.17,150,154,152
23.18,150,154,152
23.19,150,154,152
23.2,150,154,152
23.20000000000019,150,154,152
23.20000000000019,150,154,152
23.21,150,154,152
23.22,150,154,152
23.23,150,154,152
23.24,150,154,152
23.25,150,154,152
23.2500000000002,150,154,152
23.2500000000002,150,154,152
23.26,150,154,152
23.27,150,154,152
23.28,150,154,152
23.29,150,154,152
23.3,150,154,152
23.3000000000002,150,154,152
23.3000000000002,150,154,152
23.31,150,154,152
23.32,150,154,152
23.33,150,154,152
23.34,150,154,152
23.35,150,154,152
23.3500000000002,150,154,152
23.3500000000002,150,154,152
23.36,150,154,152
23.37,150,154,152
23.38,150,154,152
23.39,150,154,152
23.4,150,154,152
23.4000000000002,150,154,152
23.4000000000002,150,154,152
23.41,150,154,152
23.42,150,154,152
23.43,150,154,152
23.44,150,154,152
23.45,150,154,152
23.4500000000002,150,154,152
23.4500000000002,150,154,152
23.46,150,154,152
23.47,150,154,152
23.48,150,154,152
23.49,150,154,152
23.5,150,154,152
23.5000000000002,150,154,152
23.5000000000002,150,154,152
23.51,150,154,152
23.52,150,154,152
23.53,150,154,152
23.54,150,154,152
23.55,150,154,152
23.5500000000002,150,154,152
23.5500000000002,150,154,152
23.56,150,154,152
23.57,150,154,152
23.58,150,154,152
23.59,150,154,152
23.6,150,154,152
23.6000000000002,150,154,152
23.6000000000002,150,154,152
23.61,150,154,152
23.62,150,154,152
23.63,150,154,152
23.64,150,154,152
23.65,150,154,152
23.6500000000002,150,154,152
23.6500000000002,150,154,152
23.66,150,154,152
23.67,150,154,152
23.68,150,154,152
23.69,150,154,152
23.7,150,154,152
23.7000000000002,150,154,152
23.7000000000002,150,154,152
23.71,150,154,152
23.72,150,154,152
23.73,150,154,152
23.74,150,154,152
23.75,150,154,152
23.7500000000002,150,154,152
23.7500000000002,150,154,152
23.76,150,154,152
23.77,150,154,152
23.78,150,154,152
23.79,150,154,152
23.8,150,154,152
23.8000000000002,150,154,152
23.8000000000002,150,154,152
23.81,150,154,152
23.82,150,154,152
23.83,150,154,152
23.84,150,154,152
23.85,150,154,152
23.8500000000002,150,154,152
23.8500000000002,150,154,152
23.86,150,154,152
23.87,150,154,152
23.88,150,154,152
23.89,150,154,152
23.9,150,154,152
23.9000000000002,150,154,152
23.9000000000002,150,154,152
23.91,150,154,152
23.92,150,154,152
23.93,150,154,152
23.94,150,154,152
23.95,150,154,152
23.95000000000021,150,154,152
23.95000000000021,150,154,152
23.96,150,154,152
23.97,150,154,152
23.98,150,154,152
23.99,150,154,152
24,150,154,152
24,150,154,152
24.00000000000021,150,154,152
24.00000000000021,150,154,152
24.01,150,154,152
24.02,150,154,152
24.03,150,154,152
24.04,150,154,152
24.05,150,154,152
24.05000000000021,150,154,152
24.05000000000021,150,154,152
24.06,150,154,152
24.07,150,154,152
24.08,150,154,152
24.09,150,154,152
24.1,150,154,152
24.10000000000021,150,154,152
24.10000000000021,150,154,152
24.11,150,154,152
24.12,150,154,152
24.13,150,154,152
24.14,150,154,152
24.15,150,154,152
24.15000000000021,150,154,152
24.15000000000021,150,154,152
24.16,150,154,152
24.17,150,154,152
24.18,150,154,152
24.19,150,154,152
24.2,150,154,152
24.20000000000021,150,154,152
24.20000000000021,150,154,152
24.21,150,154,152
24.22,150,154,152
24.23,150,154,152
24.24,150,154,152
24.25,150,154,152
24.25000000000021,150,154,152
24.25000000000021,150,154,152
24.26,150,154,152
24.27,150,154,152
24.28,150,154,152
24.29,150,154,152
24.3,150,154,152
24.30000000000021,150,154,152
24.30000000000021,150,154,152
24.31,150,154,152
24.32,150,154,152
24.33,150,154,152
24.34,150,154,152
24.35,150,154,152
24.35000000000021,150,154,152
24.35000000000021,150,154,152
24.36,150,154,152
24.37,150,154,152
24.38,150,154,152
24.39,150,154,152
24.4,150,154,152
24.40000000000021,150,154,152
24.40000000000021,150,154,152
24.41,150,154,152
24.42,150,154,152
24.43,150,154,152
24.44,150,154,152
24.45,150,154,152
24.45000000000021,150,154,152
24.45000000000021,150,154,152
24.46,150,154,152
24.47,150,154,152
24.48,150,154,152
24.49,150,154,152
24.5,150,154,152
24.50000000000021,150,154,152
24.50000000000021,150,154,152
24.51,150,154,152
24.52,150,154,152
24.53,150,154,152
24.54,150,154,152
24.55,150,154,152
24.55000000000021,150,154,152
24.55000000000021,150,154,152
24.56,150,154,152
24.57,150,154,152
24.58,150,154,152
24.59,150,154,152
24.6,150,154,152
24.60000000000021,150,154,152
24.60000000000021,150,154,152
24.61,150,154,152
24.62,150,154,152
24.63,150,154,152
24.64,150,154,152
24.65,150,154,152
24.65000000000022,150,154,152
24.65000000000022,150,154,152
24.66,150,154,152
24.67,150,154,152
24.68,150,154,152
24.69,150,154,152
24.7,150,154,152
24.70000000000022,150,154,152
24.70000000000022,150,154,152
24.71,150,154,152
24.72,150,154,152
24.73,150,154,152
24.74,150,154,152
24.75,150,154,152
24.75000000000022,150,154,152
24.75000000000022,150,154,152
24.76,150,154,152
24.77,150,154,152
24.78,150,154,152
24.79,150,154,152
24.8,150,154,152
24.80000000000022,150,154,152
24.80000000000022,150,154,152
24.81,150,154,152
24.82,150,154,152
24.83,150,154,152
24.84,150,154,152
24.85,150,154,152
24.85000000000022,150,154,152
24.85000000000022,150,154,152
24.86,150,154,152
24.87,150,154,152
24.88,150,154,152
24.89,150,154,152
24.9,150,154,152
24.90000000000022,150,154,152
24.90000000000022,150,154,152
24.91,150,154,152
24.92,150,154,152
24.93,150,154,152
24.94,150,154,152
24.95,150,154,152
24.95000000000022,150,154,152
24.95000000000022,150,154,152
24.96,150,154,152
24.97,150,154,152
24.98,150,154,152
24.99,150,154,152
25,150,154,152
25,150,154,152
25.00000000000022,150,154,152
25.00000000000022,150,154,152
25.01,150,154,152
25.02,150,154,152
25.03,150,154,152
25.04,150,154,152
25.05,150,154,152
25.05000000000022,150,154,152
25.05000000000022,150,154,152
25.06,150,154,152
25.07,150,154,152
25.08,150,154,152
25.09,150,154,152
25.1,150,154,152
25.10000000000022,150,154,152
25.10000000000022,150,154,152
25.11,150,154,152
25.12,150,154,152
25.13,150,154,152
25.14,150,154,152
25.15,150,154,152
25.15000000000022,150,154,152
25.15000000000022,150,154,152
25.16,150,154,152
25.17,150,154,152
25.18,150,154,152
25.19,150,154,152
25.2,150,154,152
25.20000000000022,150,154,152
25.20000000000022,150,154,152
25.21,150,154,152
25.22,150,154,152
25.23,150,154,152
25.24,150,154,152
25.25,150,154,152
25.25000000000022,150,154,152
25.25000000000022,150,154,152
25.26,150,154,152
25.27,150,154,152
25.28,150,154,152
25.29,150,154,152
25.3,150,154,152
25.30000000000022,150,154,152
25.30000000000022,150,154,152
25.31,150,154,152
25.32,150,154,152
25.33,150,154,152
25.34,150,154,152
25.35,150,154,152
25.35000000000023,150,154,152
25.35000000000023,150,154,152
25.36,150,154,152
25.37,150,154,152
25.38,150,154,152
25.39,150,154,152
25.4,150,154,152
25.40000000000023,150,154,152
25.40000000000023,150,154,152
25.41,150,154,152
25.42,150,154,152
25.43,150,154,152
25.44,150,154,152
25.45,150,154,152
25.45000000000023,150,154,152
25.45000000000023,150,154,152
25.46,150,154,152
25.47,150,154,152
25.48,150,154,152
25.49,150,154,152
25.5,150,154,152
25.50000000000023,150,154,152
25.50000000000023,150,154,152
25.51,150,154,152
25.52,150,154,152
25.53,150,154,152
25.54,150,154,152
25.55,150,154,152
25.55000000000023,150,154,152
25.55000000000023,150,154,152
25.56,150,154,152
25.57,150,154,152
25.58,150,154,152
25.59,150,154,152
25.6,150,154,152
25.60000000000023,150,154,152
25.60000000000023,150,154,152
25.61,150,154,152
25.62,150,154,152
25.63,150,154,152
25.64,150,154,152
25.65,150,154,152
25.65000000000023,150,154,152
25.65000000000023,150,154,152
25.66,150,154,152
25.67,150,154,152
25.68,150,154,152
25.69,150,154,152
25.7,150,154,152
25.70000000000023,150,154,152
25.70000000000023,150,154,152
25.71,150,154,152
25.72,150,154,152
25.73,150,154,152
25.74,150,154,152
25.75,150,154,152
25.75000000000023,150,154,152
25.75000000000023,150,154,152
25.76,150,154,152
25.77,150,154,152
25.78,150,154,152
25.79,150,154,152
25.8,150,154,152
25.80000000000023,150,154,152
25.80000000000023,150,154,152
25.81,150,154,152
25.82,150,154,152
25.83,150,154,152
25.84,150,154,152
25.85,150,154,152
25.85000000000023,150,154,152
25.85000000000023,150,154,152
25.86,150,154,152
25.87,150,154,152
25.88,150,154,152
25.89,150,154,152
25.9,150,154,152
25.90000000000023,150,154,152
25.90000000000023,150,154,152
25.91,150,154,152
25.92,150,154,152
25.93,150,154,152
25.94,150,154,152
25.95,150,154,152
25.95000000000023,150,154,152
25.95000000000023,150,154,152
25.96,150,154,152
25.97,150,154,152
25.98,150,154,152
25.99,150,154,152
26,150,154,152
26,150,154,152
26.00000000000023,150,154,152
26.00000000000023,150,154,152
26.01,150,154,152
26.02,150,154,152
26.03,150,154,152
26.04,150,154,152
26.05,150,154,152
26.05000000000024,150,154,152
26.05000000000024,150,154,152
26.06,150,154,152
26.07,150,154,152
26.08,150,154,152
26.09,150,154,152
26.1,150,154,152
26.10000000000024,150,154,152
26.10000000000024,150,154,152
26.11,150,154,152
26.12,150,154,152
26.13,150,154,152
26.14,150,154,152
26.15,150,154,152
26.15000000000024,150,154,152
26.15000000000024,150,154,152
26.16,150,154,152
26.17,150,154,152
26.18,150,154,152
26.19,150,154,152
26.2,150,154,152
26.20000000000024,150,154,152
26.20000000000024,150,154,152
26.21,150,154,152
26.22,150,154,152
26.23,150,154,152
26.24,150,154,152
26.25,150,154,152
26.25000000000024,150,154,152
26.25000000000024,150,154,152
26.26,150,154,152
26.27,150,154,152
26.28,150,154,152
26.29,150,154,152
26.3,150,154,152
26.30000000000024,150,154,152
26.30000000000024,150,154,152
26.31,150,154,152
26.32,150,154,152
26.33,150,154,152
26.34,150,154,152
26.35,150,154,152
26.35000000000024,150,154,152
26.35000000000024,150,154,152
26.36,150,154,152
26.37,150,154,152
26.38,150,154,152
26.39,150,154,152
26.4,150,154,152
26.40000000000024,150,154,152
26.40000000000024,150,154,152
26.41,150,154,152
26.42,150,154,152
26.43,150,154,152
26.44,150,154,152
26.45,150,154,152
26.45000000000024,150,154,152
26.45000000000024,150,154,152
26.46,150,154,152
26.47,150,154,152
26.48,150,154,152
26.49,150,154,152
26.5,150,154,152
26.50000000000024,150,154,152
26.50000000000024,150,154,152
26.51,150,154,152
26.52,150,154,152
26.53,150,154,152
26.54,150,154,152
26.55,150,154,152
26.55000000000024,150,154,152
26.55000000000024,150,154,152
26.56,150,154,152
26.57,150,154,152
26.58,150,154,152
26.59,150,154,152
26.6,150,154,152
26.60000000000024,150,154,152
26.60000000000024,150,154,152
26.61,150,154,152
26.62,150,154,152
26.63,150,154,152
26.64,150,154,152
26.65,150,154,152
26.65000000000024,150,154,152
26.65000000000024,150,154,152
26.66,150,154,152
26.67,150,154,152
26.68,150,154,152
26.69,150,154,152
26.7,150,154,152
26.70000000000024,150,154,152
26.70000000000024,150,154,152
26.71,150,154,152
26.72,150,154,152
26.73,150,154,152
26.74,150,154,152
26.75,150,154,152
26.75000000000025,150,154,152
26.75000000000025,150,154,152
26.76,150,154,152
26.77,150,154,152
26.78,150,154,152
26.79,150,154,152
26.8,150,154,152
26.80000000000025,150,154,152
26.80000000000025,150,154,152
26.81,150,154,152
26.82,150,154,152
26.83,150,154,152
26.84,150,154,152
26.85,150,154,152
26.85000000000025,150,154,152
26.85000000000025,150,154,152
26.86,150,154,152
26.87,150,154,152
26.88,150,154,152
26.89,150,154,152
26.9,150,154,152
26.90000000000025,150,154,152
26.90000000000025,150,154,152
26.91,150,154,152
26.92,150,154,152
26.93,150,154,152
26.94,150,154,152
26.95,150,154,152
26.95000000000025,150,154,152
26.95000000000025,150,154,152
26.96,150,154,152
26.97,150,154,152
26.98,150,154,152
26.99,150,154,152
27,150,154,152
27,150,154,152
27.00000000000025,150,154,152
27.00000000000025,150,154,152
27.01,150,154,152
27.02,150,154,152
27.03,150,154,152
27.04,150,154,152
27.05,150,154,152
27.05000000000025,150,154,152
27.05000000000025,150,154,152
27.06,150,154,152
27.07,150,154,152
27.08,150,154,152
27.09,150,154,152
27.1,150,154,152
27.10000000000025,150,154,152
27.10000000000025,150,154,152
27.11,150,154,152
27.12,150,154,152
27.13,150,154,152
27.14,150,154,152
27.15,150,154,152
27.15000000000025,150,154,152
27.15000000000025,150,154,152
27.16,150,154,152
27.17,150,154,152
27.18,150,154,152
27.19,150,154,152
27.2,150,154,152
27.20000000000025,150,154,152
27.20000000000025,150,154,152
27.21,150,154,152
27.22,150,154,152
27.23,150,154,152
27.24,150,154,152
27.25,150,154,152
27.25000000000025,150,154,152
27.25000000000025,150,154,152
27.26,150,154,152
27.27,150,154,152
27.28,150,154,152
27.29,150,154,152
27.3,150,154,152
27.30000000000025,150,154,152
27.30000000000025,150,154,152
27.31,150,154,152
27.32,150,154,152
27.33,150,154,152
27.34,150,154,152
27.35,150,154,152
27.35000000000025,150,154,152
27.35000000000025,150,154,152
27.36,150,154,152
27.37,150,154,152
27.38,150,154,152
27.39,150,154,152
27.4,150,154,152
27.40000000000025,150,154,152
27.40000000000025,150,154,152
27.41,150,154,152
27.42,150,154,152
27.43,150,154,152
27.44,150,154,152
27.45,150,154,152
27.45000000000026,150,154,152
27.45000000000026,150,154,152
27.46,150,154,152
27.47,150,154,152
27.48,150,154,152
27.49,150,154,152
27.5,150,154,152
27.50000000000026,150,154,152
27.50000000000026,150,154,152
27.51,150,154,152
27.52,150,154,152
27.53,150,154,152
27.54,150,154,152
27.55,150,154,152
27.55000000000026,150,154,152
27.55000000000026,150,154,152
27.56,150,154,152
27.57,150,154,152
27.58,150,154,152
27.59,150,154,152
27.6,150,154,152
27.60000000000026,150,154,152
27.60000000000026,150,154,152
27.61,150,154,152
27.62,150,154,152
27.63,150,154,152
27.64,150,154,152
27.65,150,154,152
27.65000000000026,150,154,152
27.65000000000026,150,154,152
27.66,150,154,152
27.67,150,154,152
27.68,150,154,152
27.69,150,154,152
27.7,150,154,152
27.70000000000026,150,154,152
27.70000000000026,150,154,152
27.71,150,154,152
27.72,150,154,152
27.73,150,154,152
27.74,150,154,152
27.75,150,154,152
27.75000000000026,150,154,152
27.75000000000026,150,154,152
27.76,150,154,152
27.77,150,154,152
27.78,150,154,152
27.79,150,154,152
27.8,150,154,152
27.80000000000026,150,154,152
27.80000000000026,150,154,152
27.81,150,154,152
27.82,150,154,152
27.83,150,154,152
27.84,150,154,152
27.85,150,154,152
27.85000000000026,150,154,152
27.85000000000026,150,154,152
27.86,150,154,152
27.87,150,154,152
27.88,150,154,152
27.89,150,154,152
27.9,150,154,152
27.90000000000026,150,154,152
27.90000000000026,150,154,152
27.91,150,154,152
27.92,150,154,152
27.93,150,154,152
27.94,150,154,152
27.95,150,154,152
27.95000000000026,150,154,152
27.95000000000026,150,154,152
27.96,150,154,152
27.97,150,154,152
27.98,150,154,152
27.99,150,154,152
28,150,154,152
28,150,154,152
28.00000000000026,150,154,152
28.00000000000026,150,154,152
28.01,150,154,152
28.02,150,154,152
28.03,150,154,152
28.04,150,154,152
28.05,150,154,152
28.05000000000026,150,154,152
28.05000000000026,150,154,152
28.06,150,154,152
28.07,150,154,152
28.08,150,154,152
28.09,150,154,152
28.1,150,154,152
28.10000000000026,150,154,152
28.10000000000026,150,154,152
28.11,150,154,152
28.12,150,154,152
28.13,150,154,152
28.14,150,154,152
28.15,150,154,152
28.15000000000027,150,154,152
28.15000000000027,150,154,152
28.16,150,154,152
28.17,150,154,152
28.18,150,154,152
28.19,150,154,152
28.2,150,154,152
28.20000000000027,150,154,152
28.20000000000027,150,154,152
28.21,150,154,152
28.22,150,154,152
28.23,150,154,152
28.24,150,154,152
28.25,150,154,152
28.25000000000027,150,154,152
28.25000000000027,150,154,152
28.26,150,154,152
28.27,150,154,152
28.28,150,154,152
28.29,150,154,152
28.3,150,154,152
28.30000000000027,150,154,152
28.30000000000027,150,154,152
28.31,150,154,152
28.32,150,154,152
28.33,150,154,152
28.34,150,154,152
28.35,150,154,152
28.35000000000027,150,154,152
28.35000000000027,150,154,152
28.36,150,154,152
28.37,150,154,152
28.38,150,154,152
28.39,150,154,152
28.4,150,154,152
28.40000000000027,150,154,152
28.40000000000027,150,154,152
28.41,150,154,152
28.42,150,154,152
28.43,150,154,152
28.44,150,154,152
28.45,150,154,152
28.45000000000027,150,154,152
28.45000000000027,150,154,152
28.46,150,154,152
28.47,150,154,152
28.48,150,154,152
28.49,150,154,152
28.5,150,154,152
28.50000000000027,150,154,152
28.50000000000027,150,154,152
28.51,150,154,152
28.52,150,154,152
28.53,150,154,152
28.54,150,154,152
28.55,150,154,152
28.55000000000027,150,154,152
28.55000000000027,150,154,152
28.56,150,154,152
28.57,150,154,152
28.58,150,154,152
28.59,150,154,152
28.6,150,154,152
28.60000000000027,150,154,152
28.60000000000027,150,154,152
28.61,150,154,152
28.62,150,154,152
28.63,150,154,152
28.64,150,154,152
28.65,150,154,152
28.65000000000027,150,154,152
28.65000000000027,150,154,152
28.66,150,154,152
28.67,150,154,152
28.68,150,154,152
28.69,150,154,152
28.7,150,154,152
28.70000000000027,150,154,152
28.70000000000027,150,154,152
28.71,150,154,152
28.72,150,154,152
28.73,150,154,152
28.74,150,154,152
28.75,150,154,152
28.75000000000027,150,154,152
28.75000000000027,150,154,152
28.76,150,154,152
28.77,150,154,152
28.78,150,154,152
28.79,150,154,152
28.8,150,154,152
28.80000000000027,150,154,152
28.80000000000027,150,154,152
28.81,150,154,152
28.82,150,154,152
28.83,150,154,152
28.84,150,154,152
28.85,150,154,152
28.85000000000027,150,154,152
28.85000000000027,150,154,152
28.86,150,154,152
28.87,150,154,152
28.88,150,154,152
28.89,150,154,152
28.9,150,154,152
28.90000000000028,150,154,152
28.90000000000028,150,154,152
28.91,150,154,152
28.92,150,154,152
28.93,150,154,152
28.94,150,154,152
28.95,150,154,152
28.95000000000028,150,154,152
28.95000000000028,150,154,152
28.96,150,154,152
28.97,150,154,152
28.98,150,154,152
28.99,150,154,152
29,150,154,152
29,150,154,152
29.00000000000028,150,154,152
29.00000000000028,150,154,152
29.01,150,154,152
29.02,150,154,152
29.03,150,154,152
29.04,150,154,152
29.05,150,154,152
29.05000000000028,150,154,152
29.05000000000028,150,154,152
29.06,150,154,152
29.07,150,154,152
29.08,150,154,152
29.09,150,154,152
29.1,150,154,152
29.10000000000028,150,154,152
29.10000000000028,150,154,152
29.11,150,154,152
29.12,150,154,152
29.13,150,154,152
29.14,150,154,152
29.15,150,154,152
29.15000000000028,150,154,152
29.15000000000028,150,154,152
29.16,150,154,152
29.17,150,154,152
29.18,150,154,152
29.19,150,154,152
29.2,150,154,152
29.20000000000028,150,154,152
29.20000000000028,150,154,152
29.21,150,154,152
29.22,150,154,152
29.23,150,154,152
29.24,150,154,152
29.25,150,154,152
29.25000000000028,150,154,152
29.25000000000028,150,154,152
29.26,150,154,152
29.27,150,154,152
29.28,150,154,152
29.29,150,154,152
29.3,150,154,152
29.30000000000028,150,154,152
29.30000000000028,150,154,152
29.31,150,154,152
29.32,150,154,152
29.33,150,154,152
29.34,150,154,152
29.35,150,154,152
29.35000000000028,150,154,152
29.35000000000028,150,154,152
29.36,150,154,152
29.37,150,154,152
29.38,150,154,152
29.39,150,154,152
29.4,150,154,152
29.40000000000028,150,154,152
29.40000000000028,150,154,152
29.41,150,154,152
29.42,150,154,152
29.43,150,154,152
29.44,150,154,152
29.45,150,154,152
29.45000000000028,150,154,152
29.45000000000028,150,154,152
29.46,150,154,152
29.47,150,154,152
29.48,150,154,152
29.49,150,154,152
29.5,150,154,152
29.50000000000028,150,154,152
29.50000000000028,150,154,152
29.51,150,154,152
29.52,150,154,152
29.53,150,154,152
29.54,150,154,152
29.55,150,154,152
29.55000000000028,150,154,152
29.55000000000028,150,154,152
29.56,150,154,152
29.57,150,154,152
29.58,150,154,152
29.59,150,154,152
29.6,150,154,152
29.60000000000029,150,154,152
29.60000000000029,150,154,152
29.61,150,154,152
29.62,150,154,152
29.63,150,154,152
29.64,150,154,152
29.65,150,154,152
29.65000000000029,150,154,152
29.65000000000029,150,154,152
29.66,150,154,152
29.67,150,154,152
29.68,150,154,152
29.69,150,154,152
29.7,150,154,152
29.70000000000029,150,154,152
29.70000000000029,150,154,152
29.71,150,154,152
29.72,150,154,152
29.73,150,154,152
29.74,150,154,152
29.75,150,154,152
29.75000000000029,150,154,152
29.75000000000029,150,154,152
29.76,150,154,152
29.77,150,154,152
29.78,150,154,152
29.79,150,154,152
29.8,150,154,152
29.80000000000029,150,154,152
29.80000000000029,150,154,152
29.81,150,154,152
29.82,150,154,152
29.83,150,154,152
29.84,150,154,152
29.85,150,154,152
29.85000000000029,150,154,152
29.85000000000029,150,154,152
29.86,150,154,152
29.87,150,154,152
29.88,150,154,152
29.89,150,154,152
29.9,150,154,152
29.90000000000029,150,154,152
29.90000000000029,150,154,152
29.91,150,154,152
29.92,150,154,152
29.93,150,154,152
29.94,150,154,152
29.95,150,154,152
29.95000000000029,150,154,152
29.95000000000029,150,154,152
29.96,150,154,152
29.97,150,154,152
29.98,150,154,152
29.99,150,154,152
30,150,154,152
30,150,154,152
30,150,154,152
